Temperature_C_mean,Temperature_C_std,Temperature_C_min,Temperature_C_max,Temperature_C_slope,Temperature_C_range,RPM_mean,RPM_std,RPM_min,RPM_max,RPM_slope,RPM_range,Fuel_Efficiency_mean,Fuel_Efficiency_std,Fuel_Efficiency_min,Fuel_Efficiency_max,Fuel_Efficiency_slope,Fuel_Efficiency_range,Vibration_X_mean,Vibration_X_std,Vibration_X_min,Vibration_X_max,Vibration_X_slope,Vibration_X_range,Vibration_Y_mean,Vibration_Y_std,Vibration_Y_min,Vibration_Y_max,Vibration_Y_slope,Vibration_Y_range,Vibration_Z_mean,Vibration_Z_std,Vibration_Z_min,Vibration_Z_max,Vibration_Z_slope,Vibration_Z_range,Power_Output_kW_mean,Power_Output_kW_std,Power_Output_kW_min,Power_Output_kW_max,Power_Output_kW_slope,Power_Output_kW_range,vibration_magnitude,power_efficiency,thermal_load_per_rpm,window_label,fault_severity,operational_mode,window_end
94.32471674982322,17.391077679938775,60.92809085420327,118.07581400539276,-0.5627505261478682,57.14772315118949,2384.42906730937,856.598113690359,1128.4392882204804,3882.4367880105983,-3.4974391581054998,2753.997499790118,24.662996654291614,3.8470496858366383,15.731312156149205,29.865548449078418,0.12952962644938457,14.134236292929213,0.5033990193218832,0.29640322349677956,0.026801868211462,0.9862060047889584,-0.001443672185070702,0.9594041365774963,0.5116491465551518,0.2842562786618493,0.0007405368145717,0.9943149045013966,0.005592309943382373,0.9935743676868249,0.4984848799854552,0.2992733992352127,0.0038611242033054,0.995647741365113,0.0012041986605979208,0.9917866171618076,55.24992374695698,20.02681991250122,23.259810470455456,87.59956993067891,-0.15290745310360568,64.33975946022346,0.8738893507755788,55249923746.95698,0.039558617214921314,1,3,Cruising,2024-12-24 17:05:00
89.7205484852091,17.1770318133949,60.92809085420327,117.06125598364498,-0.6223194431918393,56.133165129441714,2348.968593222607,845.5187227220923,1128.4392882204804,3882.4367880105983,-12.365263194747463,2753.997499790118,25.009005222311103,3.999111788710579,15.731312156149205,29.865548449078418,-0.043561257636602416,14.134236292929213,0.4375474584500351,0.30417905737769346,0.0023273839376427,0.9690647410216704,-0.0004250946015151166,0.9667373570840277,0.5543006436330421,0.28176587289519084,0.0007405368145717,0.9943149045013966,0.003998595105903841,0.9935743676868249,0.48048228531796777,0.30323340784074726,0.0038611242033054,0.995647741365113,-0.003770674361335145,0.9917866171618076,51.7569377528452,19.555680847306327,22.69690672700949,87.59956993067891,-0.24834062270797333,64.90266320366942,0.8541429672089251,51756937752.84519,0.03819572077041664,1,3,Cruising,2024-12-24 18:10:00
89.50734836604822,16.929898650220128,60.92809085420327,117.06125598364498,-0.3543852294237309,56.133165129441714,2443.1792750897644,886.4147843319394,1066.2411707298909,3882.4367880105983,-7.5101077470117605,2816.1956172807077,25.249231228135855,3.71017490689178,15.908354881553285,29.956265586153638,-0.09950318303590076,14.047910704600353,0.4615076075310648,0.30990631575526056,0.0023273839376427,0.9690647410216704,0.0027698215556829853,0.9667373570840277,0.5627965670405085,0.28623049421280355,0.0007405368145717,0.9943149045013966,0.0033789002620477977,0.9935743676868249,0.46932991011583197,0.29170895160024285,0.0038611242033054,0.995647741365113,-0.004537206210326737,0.9917866171618076,52.72016706468965,20.661273326048956,22.69690672700949,96.64984110553922,-0.11005105541163522,73.95293437852973,0.8660252953643812,52720167064.689644,0.03663560397660939,1,3,Cruising,2024-12-24 19:05:00
89.63618566160494,16.286282434981175,63.21626047640668,115.09250272294932,0.023340016399954096,51.87624224654264,2422.6562202785517,882.5417381310028,1066.2411707298909,3882.4367880105983,3.2848345300922355,2816.1956172807077,24.687930550136173,3.8375837243599222,15.908354881553285,29.956265586153638,-0.02265383328210432,14.047910704600353,0.4983245135140084,0.3158294741987383,0.0023273839376427,0.9690647410216704,-0.0025114757992773795,0.9667373570840277,0.5494699267026134,0.28511933434406045,0.0436565043854962,0.9943149045013966,-0.00434168038273253,0.9506584001159004,0.4452703580111726,0.2814545659540539,0.0038611242033054,0.995647741365113,-0.009628817220506477,0.9917866171618076,53.43647272688943,21.103674347164638,22.69690672700949,96.64984110553922,-0.40670061753657294,73.95293437852973,0.8651648472071356,53436472726.88943,0.03699913545773274,1,3,Cruising,2024-12-24 20:00:00
86.51061095727606,16.984292975165296,63.21626047640668,115.25324653533988,-0.06202918095721444,52.0369860589332,2349.881981664263,830.540387606273,1066.2411707298909,3882.4367880105983,24.035345018015427,2816.1956172807077,23.603776654678068,4.200460730989177,15.322135622005671,29.956265586153638,-0.1462221509729515,14.634129964147967,0.49587839287818347,0.2859175597171108,0.0023273839376427,0.9554046029372868,0.003933262314996043,0.9530772189996441,0.5775147744465419,0.27946224287953414,0.0436565043854962,0.9943149045013966,0.002389180233635159,0.9506584001159004,0.3913693881317267,0.27085611411768035,0.0038611242033054,0.9005600970300607,-0.00203566383556406,0.8966989728267553,48.905336196406324,20.837354819868832,21.56356428482266,96.64984110553922,-0.16208333707443207,75.08627682071656,0.8559139519800413,48905336196.40632,0.03681487480320455,1,3,Cruising,2024-12-24 21:10:00
87.74212338141,18.369940961991396,63.21626047640668,116.45941933919993,0.097183814525756,53.243158862793244,2299.817842837947,777.5343011229775,1066.2411707298909,3862.215554656195,6.008154771932209,2795.9743839263037,22.993050935641058,4.070414023946472,15.322135622005671,29.956265586153638,-0.15341150256886796,14.634129964147967,0.4873210485047119,0.2893138536803082,0.0023273839376427,0.9554046029372868,0.00665335724471227,0.9530772189996441,0.5699155328067038,0.2802554342229335,0.0436565043854962,0.9909447381766254,0.005759179502271569,0.9472882337911293,0.45756587853823993,0.2782247136970304,0.0039028272456042,0.942717050805992,0.0026988272663019046,0.9388142235603878,50.79927472606533,20.821286450698874,21.56356428482266,96.64984110553922,0.19070532945698815,75.08627682071656,0.8784372783827836,50799274726.06532,0.03815177086944299,1,3,Cruising,2024-12-24 22:00:00
89.64998431769172,17.775701156205404,63.35873637704162,116.57238364961891,0.4344282805657955,53.21364727257729,2376.0692207554634,757.1387098117532,1066.2411707298909,3862.215554656195,1.35778671754951,2795.9743839263037,23.007336762290482,4.197843492482896,15.322135622005671,29.956265586153638,-0.025695898323342445,14.634129964147967,0.5151770807518907,0.29171934794114823,0.0023273839376427,0.9554046029372868,0.009877512201348299,0.9530772189996441,0.5260974604280935,0.30356977476085567,0.0170420729707456,0.9909447381766254,-0.008209523228706467,0.9739026652058799,0.41951031330823213,0.2843348079767311,0.0039028272456042,0.942717050805992,0.0021413818341594025,0.9388142235603878,51.77278504686685,20.27073398326146,21.56356428482266,96.64984110553922,0.5341034321207611,75.08627682071656,0.8474519841105457,51772785046.866844,0.03773037567027942,1,3,Cruising,2024-12-24 23:15:00
91.07439269447023,18.470387761981684,63.35873637704162,116.57238364961891,-0.0637021564725585,53.21364727257729,2307.8547995148624,862.7832707055812,1066.2411707298909,3862.215554656195,-27.235659224508204,2795.9743839263037,23.318598008471575,4.082785924302781,15.322135622005671,29.956265586153638,0.0074631278664783855,14.634129964147967,0.5335837970397923,0.28320142744148313,0.0142242026360859,0.9554046029372868,-0.0034715739064604,0.9411804003012009,0.4834542796451406,0.3048691651500287,0.0170420729707456,0.9909447381766254,-0.007007971177168897,0.9739026652058799,0.423536051475415,0.2855997572671042,0.0039028272456042,0.942717050805992,-0.0001794739784873032,0.9388142235603878,58.49050144272176,22.407849567179188,21.56356428482266,96.64984110553922,1.0734770677920396,75.08627682071656,0.8353577053394489,58490501442.721756,0.0394627914692099,1,3,Cruising,2024-12-25 00:15:00
89.65759954527054,19.540866759943675,63.35873637704162,116.57238364961891,-0.11548934079771866,53.21364727257729,2344.6381369853775,826.6001882353316,1106.4060622506277,3761.831985917309,1.3892966327689757,2655.4259236666812,22.714817034961722,4.338298099641234,15.322135622005671,29.78604584689744,0.018022898307865683,14.46391022489177,0.5312524463204185,0.2801445190341002,0.0142242026360859,0.9837029120913364,-0.0012843355665071493,0.9694787094552505,0.44204642252042475,0.3091452044094289,0.014162063533137,0.9909447381766254,-0.008914571854178922,0.9767826746434884,0.4640087607922227,0.30275685805762437,0.0039028272456042,0.9790304736515548,0.008885725821230378,0.9751276464059506,60.299197519039375,22.635074033831753,21.56356428482266,97.37175060322048,1.2145553204805932,75.80818631839782,0.8324291750512287,60299197519.03937,0.038239418753355243,1,3,Cruising,2024-12-25 01:05:00
88.36433443304857,19.383176811020885,63.35873637704162,116.57238364961891,0.014845926164377589,53.21364727257729,2411.4794358010545,836.9876165539351,1106.4060622506277,3866.510270236725,19.672348116788022,2760.104207986097,22.814163757516482,4.264137614047856,15.322135622005671,29.78604584689744,0.15481862090842116,14.46391022489177,0.5286731864879655,0.2733222663579873,0.055917039900154,0.9837029120913364,-0.0031304265486456553,0.9277858721911825,0.4589477221369691,0.3043162991605601,0.014162063533137,0.9909447381766254,-0.009910225617347602,0.9767826746434884,0.5132656695119079,0.3134334052104239,0.0039028272456042,0.9790304736515548,0.006871082205490391,0.9751276464059506,64.96309986891578,22.596858496009762,21.56356428482266,97.37175060322048,1.2686449770548414,75.80818631839782,0.8680840957335636,64963099868.91577,0.036643204632468854,1,3,Cruising,2024-12-25 01:55:00
90.39986999131995,18.376933083010663,64.77427961292362,116.57238364961891,-0.27584707536305036,51.79810403669529,2535.5571008644733,955.1821575158784,1106.4060622506277,3964.8598779541217,48.31287164455464,2858.453815703494,23.540048308744684,4.212744375548634,15.975131518292573,29.78604584689744,0.0316986420080641,13.810914328604868,0.4865465858429453,0.28556761973196054,0.044425404549916,0.9837029120913364,-0.006502491765027082,0.9392775075414204,0.42282127791659746,0.31033676344860106,0.014162063533137,0.9909447381766254,0.0037591730990750327,0.9767826746434884,0.527514938799435,0.3034266863166863,0.0167393113973293,0.9790304736515548,0.00024839772549822554,0.9622911622542255,68.02845524648562,21.508330974051773,23.18328935300549,97.37175060322048,0.12321148888776877,74.18846125021498,0.8329330248651585,68028455246.48562,0.03565286301795333,1,3,Cruising,2024-12-25 02:45:00
88.19417694290986,16.885382093030437,64.77427961292362,116.57238364961891,-0.3203348013038348,51.79810403669529,2719.6213202425392,894.1218936280167,1106.4060622506277,3964.8598779541217,35.9788637604668,2858.453815703494,23.822346840338067,4.373512533138632,15.975131518292573,29.78604584689744,-0.07138260441972426,13.810914328604868,0.4725000785511236,0.2826912564351645,0.0090564731778587,0.9837029120913364,-0.007965426026080816,0.9746464389134777,0.41275009892943265,0.31212012744201906,0.014162063533137,0.9876152829163182,0.013821759071799824,0.9734532193831812,0.47043040831319227,0.2938016636102632,0.0167393113973293,0.9790304736515548,0.0005084104089883758,0.9622911622542255,67.18081555973464,22.51797772261655,23.18328935300549,97.37175060322048,-0.381936541797601,74.18846125021498,0.7841707323426392,67180815559.734634,0.03242884451834074,1,3,Cruising,2024-12-25 03:20:00
86.12167507805665,15.65985734923974,64.77427961292362,116.17369321316724,0.09985534925141669,51.39941360024362,2702.0947385096206,918.6207057112762,1106.4060622506277,3964.8598779541217,22.04580555529372,2858.453815703494,23.157529171899963,4.439064821534473,15.975131518292573,29.78604584689744,-0.09838194690564916,13.810914328604868,0.449569504621473,0.3113301975995212,0.0047731344380528,0.995055921587155,0.0001410976029113925,0.9902827871491021,0.4747126967104034,0.32236084813116556,0.014162063533137,0.9876152829163182,0.010991131281757839,0.9734532193831812,0.47768315695195424,0.3004960984524533,0.0475518913475884,0.9790304736515548,-0.008203498259134271,0.9314785823039664,66.13387366306004,22.43234665043792,23.18328935300549,97.37175060322048,-0.9610715328929076,74.18846125021498,0.8097197554334743,66133873663.06004,0.031872189324330766,1,3,Cruising,2024-12-25 04:10:00
88.91595489053894,15.299416383829177,65.71834155148125,116.17369321316724,0.4932631566329236,50.455351661685995,2821.9644057817363,813.1525416430686,1295.118527726809,3964.8598779541217,-25.793369228603563,2669.741350227313,22.59585102409542,4.437169196043194,15.975131518292573,29.78604584689744,-0.06710682653500949,13.810914328604868,0.47679851451563804,0.3172750381094416,0.0047731344380528,0.995055921587155,1.924321726445613e-05,0.9902827871491021,0.5058165776916842,0.31664027515487,0.014162063533137,0.9876152829163182,0.009105598851838637,0.9734532193831812,0.471862238887758,0.30430231545756975,0.0475518913475884,0.9790304736515548,-0.014591811365520974,0.9314785823039664,64.28434185389054,22.22686814368715,23.18328935300549,97.37175060322048,-0.18233971650355066,74.18846125021498,0.8401435628511441,64284341853.89053,0.031508531683945025,1,3,Cruising,2024-12-25 05:10:00
92.05515549408327,15.79120019640021,65.71834155148125,118.95513907909988,0.6654975671792879,53.236797527618634,2745.864787789732,846.4761727821507,1295.118527726809,3964.8598779541217,-29.55934248909276,2669.741350227313,23.423549899351023,4.392304712118404,16.43911316302586,29.5851301128138,-0.0033173088487098014,13.146016949787942,0.5077890751991065,0.3187139813212124,0.0047731344380528,0.9962619930107148,0.009686002263612757,0.991488858572662,0.5538994428964154,0.30896439333629033,0.0229729165740775,0.9876152829163182,0.0047660211809067154,0.9646423663422407,0.4422305510986053,0.2990673464225511,0.0475518913475884,0.9630220625413886,-0.004847082455512489,0.9154701711938001,61.901045471179096,21.44583062148357,23.18328935300549,93.81262444989426,-0.31523834109001675,70.62933509688877,0.8719072187208334,61901045471.17909,0.03352501401505008,1,3,Cruising,2024-12-25 06:25:00
92.79600652806006,15.984281599271851,65.71834155148125,118.95513907909988,0.493080169051016,53.236797527618634,2669.010172174009,836.6923710008037,1295.118527726809,3964.8598779541217,-30.305895600199385,2669.741350227313,23.176080858151245,4.299491267344831,16.43911316302586,29.5851301128138,0.0686633963453931,13.146016949787942,0.5344358341588824,0.3036292425914716,0.0047731344380528,0.9962619930107148,0.013749074964066152,0.991488858572662,0.5524692520946466,0.3168258309314178,0.0229729165740775,0.9876152829163182,0.0010049115864099937,0.9646423663422407,0.43979504875117165,0.28671034478603213,0.0888867708307742,0.9630220625413886,0.00646343931793907,0.8741352917106143,58.79219313422003,19.854023854980753,23.18328935300549,92.369983201823,0.23840432483299445,69.18669384881751,0.885586596696881,58792193134.220024,0.03476794786903125,1,3,Cruising,2024-12-25 07:40:00
92.94827065342335,15.211487611011545,66.29981888141376,118.95513907909988,0.3593506388940029,52.65532019768612,2509.8908596279393,776.8728158989717,1295.118527726809,3795.7284863397736,-23.23684257560284,2500.609958612965,22.548721044880818,4.339326059259071,15.894170879358352,29.11098781957716,-0.032148938434012696,13.21681694021881,0.5377744249773617,0.30715194716528044,0.0047731344380528,0.9962619930107148,0.0005571327121702714,0.991488858572662,0.5571463760931674,0.2876228582681729,0.0600212492594061,0.976179016852894,0.00029990770622209076,0.9161577675934879,0.4619274807187664,0.32033066930971443,0.066257232989762,0.9897121761609764,0.012025673780643408,0.9234549431712145,56.35615735359851,19.501154997303253,23.36168605495628,86.53740455186777,-0.29989727605934763,63.175718496911486,0.9016598105697444,56356157353.59851,0.03703279379534527,1,3,Cruising,2024-12-25 09:10:00
92.61923258748698,15.59855043730631,63.807247919974834,118.95513907909988,-0.4606665205629829,55.147891159125045,2414.870599919709,822.3584954213293,1213.1075955315082,3692.703290172493,-9.806133616426123,2479.5956946409847,22.268352700732013,4.306828536581325,15.894170879358352,29.11098781957716,-0.041102006642483736,13.21681694021881,0.5552332475209077,0.3029235094322858,0.0047731344380528,0.9962619930107148,-0.005293930912205826,0.991488858572662,0.4975911788097669,0.2911414705880321,0.0093871400509936,0.976179016852894,-0.010344158039277856,0.9667918768019004,0.5070525018633227,0.3210191348482333,0.066257232989762,0.9970647654128,0.01075429319295939,0.930807532423038,55.264994996025194,18.461298146773462,23.36168605495628,86.53740455186777,-0.49194711700173255,63.175718496911486,0.9016557990873024,55264994996.02519,0.03835370416558404,1,3,Cruising,2024-12-25 09:55:00
93.75118886631974,16.437735208216523,63.807247919974834,118.95513907909988,-0.5887510546949064,55.147891159125045,2351.898568951713,790.6651757667024,1140.3734088712492,3692.703290172493,-17.052396045309056,2552.3298813012434,22.91315857317329,4.103069269858762,15.894170879358352,29.11098781957716,-0.012314913977260627,13.21681694021881,0.5262949833020591,0.3057515560525199,0.0259345677404703,0.9962619930107148,-0.013457606853930422,0.9703274252702445,0.4712040692901479,0.2830379542410005,0.0093871400509936,0.9740495400840028,-0.009899885096123006,0.9646624000330092,0.5116827048040808,0.317584469141656,0.066257232989762,0.9970647654128,0.0027588542728032178,0.930807532423038,60.199747307034016,21.367660323221507,23.36168605495628,95.01048831509318,0.24839533050554963,71.6488022601369,0.8722607836880719,60199747307.03401,0.03986191841092299,1,3,Cruising,2024-12-25 11:20:00
91.44080633253495,16.258188400699236,63.807247919974834,118.95513907909988,-0.41575981367129855,55.147891159125045,2247.2472977359316,775.0032494481704,1104.063077348041,3583.459654498148,-27.66136923384746,2479.396577150107,23.212865766858805,4.05194356801889,15.894170879358352,29.11098781957716,-0.06884802244679786,13.21681694021881,0.5067871380732762,0.30987041764705303,0.0259345677404703,0.9962619930107148,-0.014059900823235305,0.9703274252702445,0.4353881279496517,0.2615625831968933,0.0093871400509936,0.9740495400840028,-0.009444169785322629,0.9646624000330092,0.5777810817100477,0.30948862342073324,0.066257232989762,0.9970647654128,0.0036808540402862495,0.930807532423038,56.383264095174724,21.68775980508913,23.36168605495628,95.01048831509318,0.3964719256208725,71.6488022601369,0.883304592797998,56383264095.17472,0.04069013963201122,1,3,Cruising,2024-12-25 13:20:00
91.84048940167341,15.637314694488596,63.807247919974834,117.8959055408305,0.5032003702948669,54.08865762085566,2241.1384877605965,799.4697048107554,1104.063077348041,3873.746582990209,-13.570063607036836,2769.683505642168,22.385035166975452,3.7922551814973104,15.894170879358352,28.783482944526916,0.013350820503773944,12.889312065168564,0.4734118531997591,0.3053437993102618,0.0259345677404703,0.9945120571866644,-0.0043219046963102825,0.968577489446194,0.4039109798641155,0.2526508574198134,0.0093871400509936,0.8534432969938412,-0.003517973471938499,0.8440561569428476,0.5707435686631014,0.3070880710211617,0.066257232989762,0.9970647654128,-0.003460940893897783,0.930807532423038,61.67923628807391,22.48037602359783,23.36168605495628,97.16332660770394,0.999377936617209,73.80164055274766,0.8443998363187385,61679236288.073906,0.04097939056565969,1,3,Cruising,2024-12-25 14:50:00
92.52328251016485,15.022994609136274,63.807247919974834,116.94756063707032,0.5616683589672391,53.14031271709549,2312.129575955017,875.3088412240224,1104.063077348041,3873.746582990209,8.579204446014518,2769.683505642168,21.740247332301053,4.075848718970011,15.429081900224922,28.783482944526916,-0.015402326283541573,13.354401044301994,0.45068675679933284,0.3085219388414558,0.0259345677404703,0.9945120571866644,0.0041817572504363005,0.968577489446194,0.3927781221665624,0.2522767922493658,0.0093871400509936,0.8534432969938412,-0.0010206619919531366,0.8440561569428476,0.577586374422899,0.3076264238713581,0.066257232989762,0.9970647654128,0.00014861350802133466,0.930807532423038,60.726378549239925,23.55039366506256,23.36168605495628,97.16332660770394,0.6569164330138562,73.80164055274766,0.8312636320241499,60726378549.23992,0.040016478086851354,1,3,Cruising,2024-12-25 15:55:00
93.56323763563773,15.81015425502057,63.807247919974834,116.94756063707032,0.60079687867404,53.14031271709549,2272.651587457126,911.8013047923807,1000.7373831114768,3873.746582990209,1.9953831457977993,2873.009199878732,21.645449835349165,4.095778252163255,15.429081900224922,28.783482944526916,-0.17460432583412905,13.354401044301994,0.47270202192747607,0.3016021197099257,0.0259345677404703,0.9663760239671748,0.001536875136689397,0.9404414562267045,0.38880250078799095,0.27089595514125775,0.0093871400509936,0.9357764710387724,0.0093629805368927,0.9263893309877788,0.5566966416341145,0.2825860498832227,0.0755637776374209,0.9970647654128,-0.002436757994772519,0.921500987775379,63.900428795673044,20.666452654168264,27.220742728950267,97.16332660770394,0.06539143520977732,69.94258387875367,0.8273607054725415,63900428795.67304,0.041169195556423066,1,3,Cruising,2024-12-25 16:45:00
96.26806015406996,14.639038536842019,67.96119503645659,116.94756063707032,0.0840790798193479,48.98636560061374,2347.3772555241544,928.1258136435147,1000.7373831114768,3996.039482303775,27.70482389873845,2995.302099192298,21.433067426410684,3.934289846469088,15.429081900224922,28.783482944526916,-0.21823509172918076,13.354401044301994,0.45745662196402886,0.32101769021163573,0.0259345677404703,0.9663760239671748,0.003889363651998754,0.9404414562267045,0.47449321142602,0.2971442654840322,0.0301944286394733,0.979614822684464,0.010334948454887846,0.9494203940449907,0.5560126154841335,0.29106007965935776,0.0755637776374209,0.9969423629013836,0.001884776630486361,0.9213785852639627,64.11485651041605,22.098151167099306,21.779825086546136,97.16332660770394,-0.8082252365770203,75.3835015211578,0.8622994823410397,64114856510.416046,0.04101090266914677,1,3,Cruising,2024-12-25 17:45:00
94.72213659920651,14.307274259390818,65.15699110083354,116.94756063707032,-0.24793434679313114,51.79056953623679,2344.8681292293977,992.9881529189644,1000.7373831114768,3996.039482303775,6.814979781691788,2995.302099192298,20.41412109304421,3.941958091831762,15.414226718918467,28.783482944526916,-0.1496618409467364,13.36925622560845,0.4873773913215785,0.2983174239036254,0.0267677946593624,0.9663760239671748,0.0006979839200638946,0.9396082293078124,0.49320989207160554,0.30896920954776735,0.0301944286394733,0.979614822684464,0.009337753697018643,0.9494203940449907,0.5487637236914683,0.3014908497352726,0.0172841637885949,0.9969423629013836,-0.009257248789640585,0.9796581991127887,57.79204717920235,22.566782372702864,20.773704707450182,97.16332660770394,-0.545714918482516,76.38962190025376,0.8842705149717693,57792047179.20235,0.04039550685962685,1,3,Cruising,2024-12-25 19:15:00
96.00649284087099,14.2304789584193,65.15699110083354,116.94756063707032,-0.4297785243472837,51.79056953623679,2428.979104628773,1006.9300425582603,1000.7373831114768,3996.039482303775,-14.560897728012243,2995.302099192298,20.98773828357763,4.271247281211739,15.414226718918467,28.54201117261225,0.14742646465300013,13.127784453693781,0.5038693706602596,0.2828226207907646,0.044431311519835,0.9513492899732254,-5.1272647284851884e-05,0.9069179784533904,0.5197487757855969,0.30472900242697243,0.0341999383279927,0.979614822684464,0.005049766246233778,0.9454148843564713,0.5113857039792985,0.2871821281839163,0.0172841637885949,0.9969423629013836,-0.0012493610331481067,0.9796581991127887,56.684240346392606,22.714182106733354,20.773704707450182,97.16332660770394,-1.3386551127927298,76.38962190025376,0.8863060819235054,56684240346.3926,0.03952545028399654,1,3,Cruising,2024-12-25 20:50:00
93.13119996402156,13.664894413837937,65.15699110083354,116.58285702109222,-0.26741390219735794,51.42586592025869,2365.7539887397797,996.6745551587519,1000.7373831114768,3996.039482303775,-25.283401457951552,2995.302099192298,20.909593665071505,4.319305167923805,15.414226718918467,28.54201117261225,0.15114528548800185,13.127784453693781,0.5399647207917314,0.2928130081307168,0.044431311519835,0.9610168445553334,0.008416900013060405,0.9165855330354984,0.5128044500223233,0.2900908901652823,0.0341999383279927,0.979614822684464,-0.003079414563615659,0.9454148843564713,0.5144281143430129,0.28074435663893743,0.0172841637885949,0.9969423629013836,-0.002749958695744515,0.9796581991127887,50.91121175918272,19.549908299362045,20.773704707450182,86.66257286182655,-0.4913393804807755,65.88886815437637,0.9050782223039608,50911211759.18272,0.03936639245132664,1,3,Cruising,2024-12-25 22:35:00
92.55667504760815,14.513778674112297,61.28037015270864,116.0423892170549,-0.1568980498774274,54.76201906434626,2277.8723442562923,940.4384589281417,1000.7373831114768,3996.039482303775,-7.7971672450664355,2995.302099192298,21.948381059797505,4.512163072950127,15.414226718918467,29.993600211145427,0.25589736833458115,14.57937349222696,0.5641903196979258,0.29184911843739997,0.044431311519835,0.9711429481918727,0.011053757093547913,0.9267116366720377,0.5360080640928075,0.30595765992939833,0.0147231158511594,0.979614822684464,-0.0061945155903876245,0.9648917068333046,0.4850352559506261,0.28615027916428243,0.0172841637885949,0.9969423629013836,-0.00047799256461179026,0.9796581991127887,53.033822701319565,20.789985596182902,20.773704707450182,96.59835962590004,0.0933652313904137,75.82465491844987,0.916992127080956,53033822701.319565,0.04063295086794128,1,3,Cruising,2024-12-25 23:40:00
88.7589902600465,14.970039584094799,61.28037015270864,116.0423892170549,-0.45351069802041405,54.76201906434626,2384.857489676559,902.1658444171794,1136.5200032235705,3996.039482303775,-6.724758106519681,2859.5194790802043,23.085001510692948,4.609268824288696,15.414226718918467,29.993600211145427,0.24051260322574405,14.57937349222696,0.5606037534952529,0.28966080816930995,0.044431311519835,0.9711429481918727,0.005356619605048767,0.9267116366720377,0.5282549270754254,0.2887492793136346,0.0147231158511594,0.979614822684464,-0.006752534042070121,0.9648917068333046,0.49247479936107685,0.2842464978097859,0.0172841637885949,0.9969423629013836,-0.001138046212465944,0.9796581991127887,51.103669400891654,20.477889011733172,20.773704707450182,96.59835962590004,0.39300376231012063,75.82465491844987,0.9142544855882099,51103669400.89165,0.03721773340514541,1,3,Cruising,2024-12-26 01:05:00
87.46604057476885,14.644432570307128,61.28037015270864,116.0423892170549,-0.2912531181662332,54.76201906434626,2448.669277702578,898.5826924652006,1136.5200032235705,3991.186240609637,39.30966514463743,2854.6662373860663,22.82196651160642,4.774624146532577,15.414226718918467,29.993600211145427,-0.0003885604749034038,14.57937349222696,0.594321857032984,0.2800110485709778,0.0674163239015187,0.9711429481918727,0.002364831787208713,0.9037266242903541,0.49130080563550127,0.2546488895390295,0.0147231158511594,0.9618974664143176,-0.0011766451665771822,0.9471743505631582,0.4713346969645281,0.267181051404327,0.0172841637885949,0.9838556749810256,0.00236409850061269,0.9665715111924307,51.59816405239938,21.52827432693176,20.773704707450182,96.59835962590004,0.5043323765186697,75.82465491844987,0.9037429656311969,51598164052.39938,0.035719826017841155,1,3,Cruising,2024-12-26 02:30:00
89.84489619211847,16.971354597370752,60.90033038978032,119.9241210367887,-0.06291853852251549,59.02379064700838,2463.167724167468,888.6420098586486,1136.5200032235705,3800.468462834682,16.01397615572721,2663.9484596111115,23.80587457350482,4.322321870167795,15.672012336926624,29.993600211145427,-0.10808310272962698,14.321587874218803,0.6213230936379677,0.2732873346531997,0.0674163239015187,0.9711429481918727,0.0010374428446975861,0.9037266242903541,0.5020368124702878,0.25218073360229404,0.0147231158511594,0.999531038886628,0.0032462009901855415,0.9848079230354686,0.5303698945828939,0.2737403800474207,0.0454713273161077,0.9517329305837404,0.004286475177067085,0.9062616032676327,53.15637683328503,20.001847608665862,21.79600471100052,96.59835962590004,0.36611634486914013,74.80235491489952,0.9588407442547754,53156376833.28503,0.03647534648599107,1,3,Cruising,2024-12-26 05:05:00
87.54355682030425,17.452652356228096,60.90033038978032,119.9241210367887,0.015418221715030246,59.02379064700838,2588.183538650314,864.249832385189,1145.9583894617049,3800.468462834682,26.5623117489313,2654.5100733729773,22.789182424259913,4.27875588062762,15.672012336926624,29.993600211145427,-0.08003268724524995,14.321587874218803,0.5716177122531074,0.3004951198011728,0.0249679955332833,0.9711429481918727,-0.012709081692534097,0.9461749526585894,0.5027090992387266,0.24622398695784944,0.0147231158511594,0.999531038886628,0.003552049789817091,0.9848079230354686,0.5228613861852762,0.28949856244173783,0.0454713273161077,0.9517329305837404,0.003293297669766872,0.9062616032676327,59.581833033626076,21.14800400804356,21.91265764462644,96.59835962590004,0.7407528002300364,74.68570198127361,0.923497307295737,59581833033.626076,0.033824323319031874,1,3,Cruising,2024-12-26 06:55:00
87.26850337838914,18.306811438618666,60.90033038978032,119.9241210367887,0.009201310714207893,59.02379064700838,2755.111783599851,835.7170616140794,1172.0432765112616,3949.3459406572233,15.958727644179703,2777.302664145962,22.950671175463068,4.119048858084155,15.672012336926624,29.993600211145427,-0.16483212955546936,14.321587874218803,0.5297812983690252,0.30547651688750166,0.0249679955332833,0.9711429481918727,-0.007828918340460187,0.9461749526585894,0.4957381707051426,0.2665194909437954,0.0054425363084705,0.999531038886628,-0.005395011533668922,0.9940885025781575,0.511103466944244,0.3055142514265386,0.0582187734119949,0.9517329305837404,-0.0016071657312791234,0.8935141571717455,61.56894538517994,22.860262454131636,21.58119909817164,96.59835962590004,0.45640674409013043,75.01716052772841,0.887497217977655,61568945385.17993,0.0316751225477913,1,3,Cruising,2024-12-26 07:45:00
85.3822152150414,18.047287534383216,60.90033038978032,119.9241210367887,-0.007190666650971549,59.02379064700838,2728.600497822647,862.9185101354591,1172.0432765112616,3949.3459406572233,-16.54971923556808,2777.302664145962,21.88350453899231,4.0962603391910895,15.282210298624362,28.966752818168047,-0.13945123888469027,13.684542519543685,0.49315991993201785,0.3084363150044836,0.0249679955332833,0.9670056356001582,-0.004917466643561531,0.9420376400668748,0.4984277129320171,0.24398500300920178,0.0054425363084705,0.999531038886628,-0.00011811605749263937,0.9940885025781575,0.528293258412858,0.2878009167538192,0.0582187734119949,0.9517329305837404,-0.0007358607495042114,0.8935141571717455,59.100460210346995,22.48998018475918,21.58119909817164,94.99690103682444,0.3461315600815209,73.4157019386528,0.8779126713577327,59100460210.34699,0.03129157796576458,1,3,Cruising,2024-12-26 09:05:00
87.7781917335379,19.051055170734422,60.862926252033006,119.9241210367887,-0.3655381594167653,59.0611947847557,2764.240371550493,872.1091431478695,1172.0432765112616,3949.3459406572233,-13.134453120716246,2777.302664145962,20.811325073623628,3.5063662705539484,15.282210298624362,28.966752818168047,-0.041875462479156446,13.684542519543685,0.5005835466505145,0.3119767131698286,0.0249679955332833,0.9557877180388528,-0.005608161692955088,0.9308197225055694,0.5078666816050458,0.2650129266671051,0.0054425363084705,0.999531038886628,0.0004512222028895344,0.9940885025781575,0.521092749616357,0.29419537132466317,0.0582187734119949,0.9517329305837404,-0.0026615993771272706,0.8935141571717455,59.02333148290658,22.707055474694094,21.58119909817164,94.99690103682444,-0.23892099673655023,73.4157019386528,0.8832044537730005,59023331482.90657,0.031754905483961995,1,3,Cruising,2024-12-26 09:40:00
86.85359377789264,19.872026778527257,60.862926252033006,119.9241210367887,-0.5117697808921464,59.0611947847557,2705.338342063868,887.8365646083679,1172.0432765112616,3949.3459406572233,10.072537200833258,2777.302664145962,20.984827034728294,3.681056719134904,15.282210298624362,28.966752818168047,-0.16199948469615372,13.684542519543685,0.5013020151825669,0.29871857419881787,0.0249679955332833,0.9759849674628176,0.0036448968857939732,0.9510169719295343,0.5372449460174981,0.2684172681082321,0.0054425363084705,0.999531038886628,0.0027818993196931196,0.9940885025781575,0.48081001001280754,0.30240983679390593,0.0486281409512563,0.9517329305837404,-0.011958013142830418,0.9031047896324841,58.89383610988384,22.23398397460992,21.58119909817164,96.61382084577863,-0.5710824279108233,75.032621747607,0.8781310313250312,58893836109.88384,0.03210452179952957,1,3,Cruising,2024-12-26 12:00:00
85.75351373427195,18.7527648370891,60.862926252033006,118.31487447814423,0.1550118789345617,57.45194822611123,2752.0386470524336,784.9446524791276,1228.996269531015,3949.3459406572233,-17.990255998458206,2720.3496711262082,19.941531734197415,3.3370667305528503,15.282210298624362,27.76443291365154,-0.08150177683766734,12.482222615027178,0.48018326032573955,0.31146740011315366,0.0249679955332833,0.9912136721464776,0.01204564671616252,0.9662456766131943,0.5084144348540381,0.24878493121005166,0.0054425363084705,0.9214954075451984,0.001970271814745691,0.916052871236728,0.41955887605278247,0.28646845072654703,0.0486281409512563,0.9916683003874596,-0.00820068103089328,0.9430401594362032,60.563741778929106,22.713277531699525,21.58119909817164,96.61382084577863,-0.5827299748253447,75.032621747607,0.8155310242655899,60563741778.9291,0.031159996181782588,1,3,Cruising,2024-12-26 13:10:00
85.1799866768768,19.164655201926106,60.862926252033006,118.31487447814423,-0.17178999920118632,57.45194822611123,2619.0346483217027,797.7619657113181,1228.996269531015,3949.3459406572233,-19.115433841211583,2720.3496711262082,20.14633910894379,3.579225790046307,15.282210298624362,27.76443291365154,0.005544353463749525,12.482222615027178,0.5274263717883793,0.3070453046393151,0.0668559171997943,0.9912136721464776,0.003096790180688207,0.9243577549466833,0.5202732517436611,0.27620244957735,0.0007734413327058,0.9214954075451984,0.004433196436082093,0.9207219662124926,0.3869999990193562,0.2804678223678295,0.0486281409512563,0.9916683003874596,-0.00870727284743316,0.9430401594362032,56.17169034086488,21.522348504370125,21.58119909817164,96.61382084577863,-0.02689299544464797,75.032621747607,0.8358419906769211,56171690340.864876,0.032523428711208835,1,3,Cruising,2024-12-26 13:55:00
86.11699800789683,19.45655671533452,60.862926252033006,118.31487447814423,0.13472088928222287,57.45194822611123,2463.1137569300818,773.85687809084,1228.996269531015,3799.1201760571066,-16.467375185622334,2570.1239065260916,20.050312139707433,3.527443518926625,15.282210298624362,27.76443291365154,0.09823691449949992,12.482222615027178,0.5096164442113371,0.3122156619044572,0.004835220188321,0.9912136721464776,-0.00035237908967892737,0.9863784519581565,0.5970790332102819,0.2564637985959883,0.0007734413327058,0.9214954075451984,0.0046904809595487195,0.9207219662124926,0.3755030264722079,0.2685681091811515,0.0486281409512563,0.9916683003874596,-0.009348384699744692,0.9430401594362032,55.168788601923374,20.561133713253014,22.17775621359712,96.61382084577863,0.2067462924567105,74.43606463218151,0.8701809093514518,55168788601.92337,0.03496265560841547,1,3,Cruising,2024-12-26 15:35:00
88.45295492069265,18.897981505483965,60.862926252033006,118.31487447814423,0.21398103168329954,57.45194822611123,2493.5028951654676,751.0091736609328,1228.996269531015,3799.1201760571066,-28.6426562777729,2570.1239065260916,20.24517535398943,3.473500488578436,15.577173857224787,27.76443291365154,0.10774120655160706,12.187259056426752,0.5089339148237715,0.32164131017308756,0.004835220188321,0.9912136721464776,-0.00491888812477187,0.9863784519581565,0.5780864744999579,0.2708043452635357,0.0007734413327058,0.9259342274899732,-0.0004004886257112423,0.9251607861572674,0.3736738569724646,0.2679903460561097,0.0486281409512563,0.9916683003874596,0.003150797351848,0.9430401594362032,57.76008647130435,20.949606460523018,24.280653069196944,96.61382084577863,0.3505178876880174,72.33316777658169,0.8560548189469634,57760086471.304344,0.035473371654065375,1,3,Cruising,2024-12-26 16:55:00
88.86473175958835,17.31937327930126,60.9612442036897,118.31487447814423,0.36648579008359466,57.35363027445453,2397.5515203658533,721.8608290270995,1228.996269531015,3579.184984854324,-15.612369600252778,2350.1887153233088,20.669333586754064,3.9011627546942678,15.577173857224787,29.27752379751093,0.12269737921834992,13.700349940286143,0.5104419043063324,0.31165902226580816,0.004835220188321,0.9912136721464776,-0.00565375166378941,0.9863784519581565,0.6067371803561726,0.2799524102251239,0.0007734413327058,0.9973285012888508,0.003468511691952796,0.9965550599561449,0.39522345079408017,0.27102066891473353,0.0486281409512563,0.9916683003874596,0.013786972188154497,0.9430401594362032,55.39924555341314,22.380689325591955,20.73083214768941,96.61382084577863,-0.48017819919487537,75.88298869808922,0.8859359569156308,55399245553.41313,0.037064785054557695,1,3,Cruising,2024-12-26 18:10:00
90.84103442088416,16.036566575482915,60.9612442036897,118.31487447814423,0.272478924921859,57.35363027445453,2326.5473446231454,722.0624219963876,1053.2852741053357,3705.742601743928,6.332709033016877,2652.4573276385922,21.135031510090737,3.8894405939581924,15.577173857224787,29.27752379751093,0.1195484739510934,13.700349940286143,0.5193828833021471,0.3053381603511628,0.004835220188321,0.9912136721464776,0.0035673698365292854,0.9863784519581565,0.5716292435405076,0.30629474523299643,0.0007734413327058,0.9973285012888508,0.0010113722760001428,0.9965550599561449,0.45198185718203343,0.2827170671358662,0.081885923021999,0.9916683003874596,0.012355358505956024,0.9097823773654605,55.26315599558784,24.13321130577952,20.73083214768941,95.8157337223947,-0.7198325367461791,75.08490157470528,0.8948777406772753,55263155995.58784,0.039045426963188926,1,3,Cruising,2024-12-26 19:00:00
91.7228423038502,15.600088862029061,60.9612442036897,117.95176615919664,0.5169663634860986,56.990521955506935,2269.062993883493,731.164378422006,1053.2852741053357,3705.742601743928,3.011280184998428,2652.4573276385922,21.44238498448251,4.0111356325236756,15.409239348707713,29.27752379751093,-0.019559919768363358,13.868284448803218,0.4902914754795746,0.3126898497663604,0.004835220188321,0.9777361570464684,0.0009161025092245951,0.9729009368581474,0.5991789119661769,0.3125592679083463,0.0007734413327058,0.9973285012888508,-0.004054386906541524,0.9965550599561449,0.48765698404541297,0.2724027061654963,0.081885923021999,0.9064075873097384,0.011910911273734967,0.8245216642877393,56.10189603505746,24.953849248272586,20.73083214768941,96.271214758799,0.1081677870516619,75.54038261110959,0.9149920401627427,56101896035.05746,0.04042322427852339,1,3,Cruising,2024-12-26 20:25:00
93.9491163738142,15.033247792246602,64.46387598308908,117.95176615919664,0.03746070317455586,53.487890176107555,2273.1785992026807,778.364707743079,1053.2852741053357,3705.742601743928,4.393487377430361,2652.4573276385922,21.48734169667706,4.093594518986281,15.409239348707713,29.27752379751093,0.004927873239371599,13.868284448803218,0.49209200998758357,0.3099358394852439,0.004835220188321,0.9777361570464684,0.0036545683131738427,0.9729009368581474,0.5591095864055534,0.3052973176790753,0.0252782750119329,0.9973285012888508,-0.01152487694396469,0.9720502262769178,0.5185211571832842,0.24176714509522595,0.0915061523792772,0.9064075873097384,0.003749126177877799,0.8149014349304612,58.09823440502675,24.654125002185506,20.73083214768941,96.271214758799,0.3848361574312354,75.54038261110959,0.907536371916245,58098234405.02675,0.04132940386064119,1,3,Cruising,2024-12-26 21:20:00
93.22671451057823,15.365444732067386,61.00722846667493,117.95176615919664,-0.14880556966152073,56.944537692521706,2371.2138788105713,795.4439117164922,1053.2852741053357,3947.3618577805846,13.814709393179179,2894.076583675249,21.92660879234249,4.327004021576085,15.409239348707713,29.27752379751093,0.07608278752153985,13.868284448803218,0.5373430293157266,0.2998286915380034,0.011058751321322,0.9886129826079172,0.004761666016534313,0.9775542312865952,0.5049350287349491,0.3138461412423897,0.0252782750119329,0.9973285012888508,-0.005994917831963103,0.9720502262769178,0.5489860266160483,0.22034894877604339,0.0915061523792772,0.9064075873097384,-0.0022097675695504897,0.8149014349304612,59.29284873047261,24.117919522487576,20.73083214768941,96.271214758799,0.4563290140399155,75.54038261110959,0.9192837275930876,59292848730.47261,0.0393160293736733,1,3,Cruising,2024-12-26 23:00:00
93.17474561910768,16.76961339082361,61.00722846667493,119.51400498770025,-0.0015020718955579496,58.506776521025316,2527.835867212251,841.9546203617087,1053.2852741053357,3947.3618577805846,37.73852271907049,2894.076583675249,21.98723023067034,4.3534752635816,15.409239348707713,29.27752379751093,0.0017439756714452493,13.868284448803218,0.5520452711448178,0.291965685103791,0.011058751321322,0.9886129826079172,0.0005253993879844172,0.9775542312865952,0.5435353163902653,0.3048420148961199,0.0252782750119329,0.9973285012888508,-0.002688391732004286,0.9720502262769178,0.5115849148447063,0.24106084684365145,0.0388043464937296,0.9064075873097384,-0.008087166779423819,0.8676032408160088,57.190666819641855,24.178990305966092,20.73083214768941,96.271214758799,0.6989322583632752,75.54038261110959,0.9283877135407849,57190666819.64185,0.036859491879060444,1,3,Cruising,2024-12-27 00:10:00
91.61004408969006,17.940156608695045,60.686759756321074,119.51400498770025,-0.440553615432347,58.82724523137917,2580.378052287231,839.868299393746,1053.2852741053357,3947.3618577805846,29.417704226471052,2894.076583675249,22.11191850090473,4.445525479800597,15.409239348707713,29.242116094395488,0.01804588929246514,13.832876745687775,0.5746482189620177,0.28744128942160685,0.011058751321322,0.9886129826079172,0.00259769935354409,0.9775542312865952,0.5199621473649517,0.2911366283942732,0.0252782750119329,0.9834870662958184,0.005174076328726201,0.9582087912838855,0.461209978522899,0.25042491838488,0.0310218966519358,0.9064075873097384,-0.010217373833748928,0.8753856906578026,62.385157334045566,22.21458776824716,23.66513772466432,96.271214758799,0.12161573814122542,72.60607703413469,0.9018291714829831,62385157334.04556,0.03550256676865139,1,3,Cruising,2024-12-27 01:20:00
92.06821424575509,17.60824674823406,60.686759756321074,119.51400498770025,-0.24821780263996485,58.82724523137917,2572.5324825889797,743.1620837719219,1160.676303054552,3947.3618577805846,22.670972484614744,2786.685554726033,21.873331146383027,4.480081524376073,15.409239348707713,29.242116094395488,-0.0006449352860386976,13.832876745687775,0.5747212099559386,0.28625289751161914,0.011058751321322,0.9886129826079172,0.011099512291581294,0.9775542312865952,0.5329452833353308,0.28114321784061985,0.0252782750119329,0.9834870662958184,0.0026073539422685065,0.9582087912838855,0.491894879474343,0.2699747628768616,0.0310218966519358,0.9745852969048098,0.003166638626699038,0.943563400252874,63.166736873549596,19.421552372475656,25.52216069570436,96.271214758799,-0.25377624434207663,70.74905406309465,0.9253624785216182,63166736873.54959,0.03578894139097449,1,3,Cruising,2024-12-27 02:25:00
90.37672228566255,18.008875686208246,60.686759756321074,119.51400498770025,-0.08245789426425415,58.82724523137917,2672.0878346945933,825.6177985025455,1045.9429967450117,3947.3618577805846,8.168704389410536,2901.418861035573,21.77294951819135,4.434878408087106,15.102745364059237,29.242116094395488,-0.10410478943008045,14.139370730336251,0.6103600753388901,0.25119976059848204,0.0776223027631225,0.9886129826079172,0.0033462620310966973,0.9109906798447946,0.48819684548288134,0.2768731570825676,0.0422399327025186,0.9834870662958184,-0.0011765046352223332,0.9412471335932998,0.4762609301606482,0.2692044674634702,0.0310218966519358,0.9745852969048098,0.00526512634950217,0.943563400252874,61.916767872903,18.55682670372164,25.52216069570436,90.39434735515906,-0.002703131524716504,64.8721866594547,0.915259556139469,61916767872.903,0.0338225117873014,1,3,Cruising,2024-12-27 03:55:00
89.16717453004918,16.507139084482777,60.686759756321074,119.51400498770025,-0.09455792679801296,58.82724523137917,2735.181175163452,826.0836131148329,1045.9429967450117,3947.3618577805846,-8.629819577619354,2901.418861035573,22.059317450115756,4.524929793449599,15.102745364059237,29.59380446308393,-0.029737458725021867,14.491059099024694,0.6312520254549526,0.2306177541250097,0.0776223027631225,0.9886129826079172,0.0014858043746354764,0.9109906798447946,0.5330718103082437,0.27832114750922365,0.0422399327025186,0.9834870662958184,-0.0028698077665798767,0.9412471335932998,0.4754937085391848,0.28372977601866833,0.0310218966519358,0.9745852969048098,0.004769595369917311,0.943563400252874,59.29616736806615,18.764478173041464,25.52216069570436,90.39434735515906,-0.18534743380713656,64.8721866594547,0.9532779979872794,59296167368.06615,0.032600098062871695,1,3,Cruising,2024-12-27 04:30:00
91.26663587994204,16.041057283548227,60.686759756321074,119.51400498770025,0.13945864115998233,58.82724523137917,2713.2007270957065,865.3055335811404,1045.9429967450117,3928.927106450238,-13.89119030568346,2882.9841097052267,21.4283526046273,4.6226207189822786,15.102745364059237,29.59380446308393,-0.007634795559106491,14.491059099024694,0.5988717452686372,0.24602073439295485,0.0776223027631225,0.9527929458653914,-0.0007537553195682081,0.8751706431022689,0.5291941919700801,0.2665666430646911,0.0082527186158806,0.9834870662958184,-0.0068764223088030344,0.9752343476799378,0.4376171746784264,0.2811332086163045,0.0310218966519358,0.9745852969048098,0.0021313355114062865,0.943563400252874,60.06241963737247,19.806762937113593,25.52216069570436,98.369711517905,0.2056705514124962,72.84755082220065,0.9111545706791455,60062419637.37247,0.03363799624867293,1,3,Cruising,2024-12-27 05:30:00
91.6198151100617,15.816653910470203,60.686759756321074,117.82422989884554,0.3992097400525204,57.13747014252447,2571.4730655541066,879.6463627650393,1045.9429967450117,3928.927106450238,0.8380978089388383,2882.9841097052267,21.290962026681346,4.797912751973308,15.045726456390124,29.59380446308393,-0.048307239172957504,14.548078006693807,0.6175558132304121,0.2515951509801464,0.0166159179814646,0.9538626857907944,-0.0014791131560757205,0.9372467678093298,0.5290629808262499,0.2688025430186667,0.0082527186158806,0.9552586610041562,0.003694254492049392,0.9470059423882756,0.46196963569952626,0.28333034621600817,0.011308413703485,0.9745852969048098,-0.001666292188929279,0.9632768832013248,57.42899202709949,20.73171734314743,20.302913416165325,98.369711517905,-0.6965684610359244,78.06679810173968,0.9352533156550612,57428992027.09949,0.03562931159472178,1,3,Cruising,2024-12-27 06:40:00
91.52688292800707,15.96531592332898,63.21404181829263,117.82422989884554,-0.16636168734616288,54.610188080552916,2577.359428153492,908.3817770864282,1045.9429967450117,3928.927106450238,7.272822551457885,2882.9841097052267,21.407199611647744,4.524756904418937,15.045726456390124,29.59380446308393,0.055403836092482964,14.548078006693807,0.5690165396101716,0.2711851809413518,0.0166159179814646,0.9538626857907944,-0.007809920438241751,0.9372467678093298,0.5021121316696114,0.26098944704525184,0.0082527186158806,0.9530475398647412,0.0019638314624770862,0.9447948212488606,0.4813611153875705,0.28087773191855236,0.011308413703485,0.9745852969048098,-0.009365904441113761,0.9632768832013248,57.75215078394513,21.747833564449934,20.302913416165325,98.369711517905,0.0579282868241838,78.06679810173968,0.8986684252419805,57752150783.94513,0.03551188162901286,1,3,Cruising,2024-12-27 07:40:00
89.46828747207957,16.358170320214718,63.21404181829263,117.82422989884554,-0.16925490960835643,54.610188080552916,2616.9697007480836,948.770995162396,1045.9429967450117,3928.927106450238,4.079621605861069,2882.9841097052267,21.62519673676461,4.570699721173373,15.045726456390124,29.59380446308393,0.07783360560057301,14.548078006693807,0.5094934741788193,0.29502302038145,0.0004648868003205,0.9538626857907944,-0.010050775331714126,0.9533977989904738,0.46614790392247824,0.2583635279145679,0.0082527186158806,0.9530475398647412,-0.003109889170842117,0.9447948212488606,0.42396539628362095,0.25915901683687786,0.011308413703485,0.9136987785538996,-0.000898261562683246,0.9023903648504146,53.79478891477952,22.623882995953934,20.302913416165325,98.369711517905,-0.6520365557561837,78.06679810173968,0.8103234698612962,53794788914.77951,0.03418774296336113,1,3,Cruising,2024-12-27 09:05:00
89.15395800670694,16.305241142652953,63.21404181829263,118.44932604508746,-0.3769646649119744,55.23528422679483,2651.2056620757726,919.3953128202938,1136.189494138061,3938.1149008114166,8.586881149241542,2801.9254066733556,22.309127271479507,4.4636063249025,15.045726456390124,29.59380446308393,0.0492229766893969,14.548078006693807,0.49186527767887583,0.289345121793077,0.0004648868003205,0.9538626857907944,-0.007856848728581837,0.9533977989904738,0.5099833188197009,0.2763490671690247,0.0082527186158806,0.9789609020534172,-0.005263547314103887,0.9707081834375366,0.43978212786977905,0.2756546266310989,0.011308413703485,0.9544020842036556,0.004050483645328186,0.9430936705001706,49.65826179901559,22.159898341206883,20.302913416165325,98.369711517905,-0.7482763359885533,78.06679810173968,0.833920114192088,49658261799.01559,0.033627703532023795,1,3,Cruising,2024-12-27 10:15:00
90.1374493563185,17.544571915974295,63.21404181829263,118.44932604508746,-0.43296521917730263,55.23528422679483,2606.409492316096,899.9920031578862,1169.0532850657823,3938.1149008114166,2.432321516678275,2769.0616157456343,22.284994687763405,4.685194075860073,15.045726456390124,29.26454659998933,0.14381754373080435,14.218820143599206,0.48953384082479456,0.28884785623548564,0.0004648868003205,0.9538626857907944,0.0025042392525739796,0.9533977989904738,0.4636577286103103,0.28769982314964804,0.0082527186158806,0.9789609020534172,-0.006268354191245952,0.9707081834375366,0.440586976264106,0.2684800760644455,0.011308413703485,0.9544020842036556,0.006572637050343334,0.9430936705001706,51.75128357081732,23.545988330976066,20.302913416165325,98.369711517905,-0.37160545911718734,78.06679810173968,0.8054432036253676,51751283570.81732,0.03458299611862638,1,3,Cruising,2024-12-27 11:30:00
88.74918174339237,17.872760270759247,63.21404181829263,118.44932604508746,0.0449566430936361,55.23528422679483,2638.549476634464,878.5245157004781,1169.0532850657823,3970.099701815909,3.960097517885886,2801.046416750127,22.631823564977687,4.726350134395208,15.045726456390124,29.385443301861493,0.07016231549230535,14.339716845471369,0.4916936343961623,0.29592852827612437,0.0004648868003205,0.9538626857907944,0.00032683762287699474,0.9533977989904738,0.4555650997768432,0.2905906695121101,0.0610077749400761,0.9789609020534172,-0.00918169845531052,0.9179531271133411,0.43943797507346344,0.3012101621515146,0.011308413703485,0.9759786866986586,-0.004069968790231986,0.9646702729951736,52.47938097259033,23.7146216023857,20.302913416165325,97.99027476641125,0.7338916162829483,77.68736135024592,0.8015035397158629,52479380972.590324,0.03363559506058388,1,3,Cruising,2024-12-27 12:40:00
87.76795894388131,18.450017915083485,60.95916706691085,118.44932604508746,0.3740688667897036,57.49015897817661,2755.9657315905124,876.4785460945149,1169.0532850657823,3979.4891169955768,11.087412211449148,2810.4358319297944,23.157708659813295,4.883865255388951,15.830134720007244,29.9757706765083,0.008528223287077846,14.145635956501057,0.4662204292150671,0.2745140210149224,0.0004648868003205,0.9279882691483972,0.006478048113601273,0.9275233823480766,0.4424483260772222,0.2859259271345493,0.0610077749400761,0.9789609020534172,0.003625806697925507,0.9179531271133411,0.42984444736327804,0.29404500980244763,0.0510065794142234,0.9759786866986586,-0.0029776404760799326,0.9249721072844352,58.10895732312394,25.6084644293429,20.306581827245537,97.99027476641125,0.7637435337618298,77.68369293916571,0.77323234463844,58108957323.12393,0.03184653493250404,1,3,Cruising,2024-12-27 14:05:00
88.96090107572181,17.678121576186946,60.95916706691085,118.44932604508746,0.12058735228667913,57.49015897817661,2830.1090224999953,820.9169713588433,1278.651951500198,3979.4891169955768,19.122530897860614,2700.837165495379,23.50880078064008,4.940427808369051,15.830134720007244,29.9757706765083,0.0945851366318515,14.145635956501057,0.5069092263229472,0.27603221644344383,0.0004648868003205,0.9279882691483972,0.0055479840683782195,0.9275233823480766,0.45406686029798726,0.289272445916138,0.0185955832029799,0.9789609020534172,0.00488624217146245,0.9603653188504373,0.44212970623093756,0.28593946321969826,0.0510065794142234,0.9759786866986586,-0.0027429528534697054,0.9249721072844352,56.830550517913636,26.658155025252757,20.306581827245537,98.58071679508068,1.2750945873237527,78.27413496783514,0.8115493543118965,56830550517.913635,0.031433736427983125,1,3,Cruising,2024-12-27 14:50:00
89.03393892319288,18.454909703800716,60.95916706691085,118.44932604508746,-0.15708985325021285,57.49015897817661,2751.3091376865027,843.7983102473943,1278.651951500198,3979.4891169955768,-5.875462109228511,2700.837165495379,23.154931470838058,5.1705149739669976,15.777786527306072,29.9757706765083,-0.04957166213852017,14.19798414920223,0.5449565766934937,0.25694403079626765,0.0213675867566736,0.9279882691483972,0.0008754930194366792,0.9066206823917236,0.5086867096749064,0.29179852318131966,0.0185955832029799,0.9789609020534172,0.004231466494151737,0.9603653188504373,0.46352983593360514,0.27963889223770444,0.0510065794142234,0.9759786866986586,-0.0007504746479295465,0.9249721072844352,60.080918405228104,24.812447713130602,21.54563723662288,98.58071679508068,0.28883853074062976,77.0350795584578,0.8778381102925579,60080918405.2281,0.03236057253750081,1,3,Cruising,2024-12-27 16:10:00
91.26967496929056,18.844423890260302,60.95916706691085,117.028022404068,0.10113937350072383,56.068855337157146,2661.9033477101025,839.9288609958752,1022.9411290620446,3979.4891169955768,-12.757369851385295,2956.547987933532,22.57049801145062,5.305132748650449,15.1119788096402,29.9757706765083,-0.09247039493236217,14.8637918668681,0.5607705684997921,0.26999814841633496,0.0213675867566736,0.9279882691483972,-0.0004886039165910469,0.9066206823917236,0.480412033351487,0.27104212469743005,0.0185955832029799,0.97529930808567,0.0043869441757563524,0.9567037248826901,0.45252239592473004,0.24768218160265634,0.0519910720335282,0.9759786866986586,0.0026167854018079176,0.9239876146651305,64.76589938327555,22.555459034931623,25.50475020791044,98.58071679508068,-0.4042596584160632,73.07596658717023,0.866046113724869,64765899383.27555,0.03428737374999176,1,3,Cruising,2024-12-27 17:15:00
92.39585826081021,17.90119404286912,60.95916706691085,116.41910436375537,0.23227243988445906,55.459937296844515,2700.516828554397,836.2128037236806,1022.9411290620446,3979.4891169955768,-23.824972277558867,2956.547987933532,22.823761842154184,5.2883453154241105,15.1119788096402,29.9757706765083,0.02888735786035775,14.8637918668681,0.5519276774645119,0.2859205524614629,0.0213675867566736,0.9578167527214204,0.004636395592956907,0.9364491659647468,0.5279489451207492,0.25969689151432884,0.0185955832029799,0.97529930808567,0.003127965348010162,0.9567037248826901,0.41337310746670275,0.25604286068588245,0.0519910720335282,0.9759786866986586,-0.0018694932603200245,0.9239876146651305,66.30319857049271,22.563743945043417,25.50475020791044,98.58071679508068,-0.1790075211130498,73.07596658717023,0.8684650688324547,66303198570.49271,0.03421413904325502,1,3,Cruising,2024-12-27 18:35:00
89.44954079897687,18.82179966665805,60.36548352392592,115.88617696192448,-0.2707925430216294,55.52069343799856,2728.305799342736,866.6239154192258,1022.9411290620446,3979.4891169955768,-13.814008562336515,2956.547987933532,23.177989655852148,5.1192465127564875,15.1119788096402,29.9757706765083,0.036236417789020606,14.8637918668681,0.5419218108417724,0.27322541007346196,0.0786983060376917,0.9578167527214204,6.977532080197189e-05,0.8791184466837287,0.5465642848482776,0.25499243638609154,0.0185955832029799,0.97529930808567,-0.00207849320446532,0.9567037248826901,0.42157670398383984,0.23538792986428766,0.0178429916908794,0.8491765087750224,-0.007706800908581131,0.8313335170841429,60.685694240740695,23.050285493159137,25.50475020791044,98.58071679508068,-0.6843322526932661,73.07596658717023,0.8775754576557009,60685694240.74069,0.03278574594553358,1,3,Cruising,2024-12-27 19:20:00
89.88183610784137,16.970837708435077,63.15581457658969,118.81455256511708,0.26486399041318787,55.65873798852739,2399.701987816824,846.748755684709,1095.1339000866196,3940.1021889315366,21.153246502305166,2844.968288844917,23.673255555556413,4.1921262869179,15.26680476758996,29.89482842799037,0.011648596215510289,14.628023660400409,0.47228703286305723,0.28764988657430374,0.0001696451440255,0.9663797909400972,0.005987011737259573,0.9662101457960717,0.3898173404569803,0.23073206640078395,0.0341355091217997,0.9262154641702705,0.0023108361852207933,0.8920799550484707,0.4851537028979774,0.32511625187161974,0.0014621771701561,0.9892021133898568,0.010841702649942483,0.9877399362197007,58.77500005397793,24.775607319946165,24.410976543578656,95.07668696188328,0.5986182015143559,70.66571041830463,0.7812724977670484,58775000053.97792,0.03745541594921673,1,3,Heavy Load,2024-12-24 17:30:00
91.27974589055141,17.35740701473714,63.15581457658969,118.81701101464078,-0.1870362560650875,55.66119643805109,2571.7291213516864,880.5392691780189,1095.1339000866196,3968.805762385333,26.868283031313165,2873.671862298713,23.117919981733635,3.9694871314380453,16.038076095212837,29.89482842799037,-0.002883062868387733,13.856752332777532,0.47002577117808725,0.2788687918701601,0.0001696451440255,0.9440755103662044,0.007152646859628205,0.9439058652221789,0.4209138286491474,0.24232884731585627,0.016722593196205,0.8873776388682826,0.0062803156767043,0.8706550456720776,0.5434579009522852,0.3265596867635247,0.0014621771701561,0.9892021133898568,0.012588457448933894,0.9877399362197007,59.37142203350229,24.15057589473842,24.410976543578656,95.07668696188328,-0.13896021654362598,70.66571041830463,0.8327299483188432,59371422033.50229,0.035493530454939706,1,3,Heavy Load,2024-12-24 19:25:00
89.55913091854417,17.89718568770621,60.03801580316588,118.81701101464078,-0.8503033511804441,58.77899521147491,2661.7061653945566,855.9470623812039,1095.1339000866196,3968.805762385333,37.264819389632606,2873.671862298713,23.692156869934404,3.94130203902858,16.038076095212837,29.89482842799037,-0.00707538000300906,13.856752332777532,0.43752961415257174,0.29011336141647526,0.0001696451440255,0.9440755103662044,-0.00743725105575598,0.9439058652221789,0.4439687800883903,0.2436490885745312,0.016722593196205,0.8873776388682826,0.008743255059540099,0.8706550456720776,0.5527564895445004,0.307221560261391,0.0014621771701561,0.9892021133898568,-0.0018451337086527809,0.9877399362197007,60.82042381717871,23.181635773421537,24.410976543578656,95.18036512247076,-0.40988395971896546,70.7693885788921,0.8331147446103875,60820423817.1787,0.03364726433102296,1,3,Heavy Load,2024-12-24 21:35:00
89.55608979058364,16.770512306285873,60.03801580316588,118.81701101464078,-0.2172371963946381,58.77899521147491,2708.3036144061084,815.5695088002778,1347.4575601614874,3968.805762385333,-9.030417851582525,2621.3482022238454,23.795474302935695,3.7309845592205195,16.76492140111317,29.89482842799037,-0.0760074905000589,13.129907026877198,0.45747201696020184,0.2780018900955646,0.0081239861709795,0.9440755103662044,-0.007421088744529048,0.9359515241952249,0.41687200600012636,0.25689530848991843,0.016722593196205,0.8873776388682826,0.002215092116142123,0.8706550456720776,0.595427916580197,0.29243672241881635,0.0014621771701561,0.9892021133898568,-0.002329451180191314,0.9877399362197007,60.66036243499189,23.74465081730526,21.72887897463681,96.74844007785086,-0.5133597460680686,75.01956110321404,0.8588348616184829,60660362434.99188,0.03306722677406388,1,3,Heavy Load,2024-12-24 22:25:00
88.10003897112784,17.158428968543625,60.03801580316588,118.81701101464078,0.2097517518952336,58.77899521147491,2609.5291569429583,893.8049570369094,1127.6833383482187,3968.805762385333,-20.662932616590236,2841.122424037114,22.81712016496872,3.5723569434347415,16.76492140111317,29.89482842799037,-0.017793451295256515,13.129907026877198,0.43444685005910855,0.26027230614162944,0.0081239861709795,0.8480231993483822,-0.0043257755209858886,0.8398992131774027,0.468420101638209,0.27524754386831,0.016722593196205,0.8873776388682826,0.0006094206584526853,0.8706550456720776,0.570976879018751,0.3017685179382076,0.0014621771701561,0.9892021133898568,-0.00847043568823246,0.9877399362197007,60.7954092895174,22.3947682899845,21.72887897463681,96.74844007785086,-0.10120902679137725,75.01956110321404,0.8568407398805364,60795409289.517395,0.03376089465669596,1,3,Heavy Load,2024-12-24 22:50:00
89.05771683770895,18.02260579908456,60.03801580316588,118.81701101464078,0.4419604623482941,58.77899521147491,2516.4578204369377,918.0707117331705,1036.871853518851,3968.805762385333,-24.615179727185236,2931.933908866482,22.71073145845988,3.603758148610316,16.76492140111317,29.89482842799037,-0.053835548897321665,13.129907026877198,0.4552471139241509,0.2571440788729576,0.0081239861709795,0.9385664074767858,0.0035006590796054734,0.9304424213058062,0.46047441074938,0.26775528401221826,0.016722593196205,0.8873776388682826,-0.010080899275334777,0.8706550456720776,0.5174501717082532,0.2965135299956521,0.0014621771701561,0.9892021133898568,-0.004982012461902772,0.9877399362197007,57.92581316502899,22.10580538504894,21.72887897463681,96.74844007785086,0.28711584047797417,75.01956110321404,0.8288795436564702,57925813165.028984,0.03539010911068864,1,3,Heavy Load,2024-12-25 01:10:00
90.76041546569424,17.147258463249532,60.03801580316588,118.81701101464078,0.708921089849542,58.77899521147491,2548.879939230526,935.8962704718772,1036.871853518851,3968.805762385333,-23.08992506977758,2931.933908866482,22.432668978316958,3.659259071538845,15.728654142515545,29.82312466539864,-0.02833907467228833,14.094470522883096,0.4349240579030832,0.2733384548144932,0.0081239861709795,0.9385664074767858,0.0058977892400667266,0.9304424213058062,0.45291880869351303,0.2803015863188258,0.016722593196205,0.8873776388682826,-0.006672944927071162,0.8706550456720776,0.5501128714505193,0.2808106898830244,0.0297104223065579,0.9917531182974658,-0.0037451458006494487,0.962042695990908,57.26134067632953,22.43533029332275,21.72887897463681,99.3512393578742,0.102482379509153,77.62236038323739,0.8348164796808764,57261340676.32953,0.03560796021372966,1,3,Heavy Load,2024-12-25 02:40:00
91.48085530267518,16.603277687883807,60.03801580316588,118.29540332941244,0.572897446174603,58.25738752624656,2464.2120317343424,899.126907062244,1036.871853518851,3883.0926362486375,-0.9663559552975406,2846.2207827297866,23.296745439206816,3.828881238718732,15.728654142515545,29.82312466539864,0.022063379493663507,14.094470522883096,0.42929924199290714,0.2827157750173021,0.0081239861709795,0.9385664074767858,0.00933718859632154,0.9304424213058062,0.4136939644839586,0.2641929347899524,0.0179243590963253,0.8853377221467745,-0.005373052246709045,0.8674133630504492,0.505505844918701,0.280509140069899,0.0297104223065579,0.9917531182974658,0.0002591698924318712,0.962042695990908,59.2290988426374,24.667781902334465,20.56338247297465,99.3512393578742,-0.06975441707130113,78.78785688489955,0.7816499821999033,59229098842.6374,0.03712377592698054,1,3,Heavy Load,2024-12-25 05:00:00
95.57854284240689,16.136369795100702,62.03731238349775,118.64581536183098,0.1093012719441898,56.608502978333235,2435.448581162913,917.1714101756662,1036.871853518851,3854.948390137922,32.09635338400406,2818.0765366190712,22.717440469586972,3.932214493338719,15.728654142515545,29.344937717197837,0.03999043676387466,13.616283574682292,0.45986260045733846,0.26195467561863717,0.0239403225421713,0.9385664074767858,-0.005746215368463939,0.9146260849346145,0.397559649341518,0.2659536584704435,0.0179243590963253,0.8853377221467745,0.0007890635545143194,0.8674133630504492,0.5117095601995578,0.29342578757744314,0.0297104223065579,0.9917531182974658,-0.008128483465758793,0.962042695990908,58.6196146899877,24.04666802407294,20.56338247297465,99.3512393578742,-0.08301707879120172,78.78785688489955,0.7945904354342314,58619614689.98769,0.03924473855932063,1,3,Heavy Load,2024-12-25 06:10:00
95.41784919377818,16.20407671923672,62.03731238349775,118.64581536183098,0.26872092580885826,56.608502978333235,2514.779975817892,918.5477118331949,1036.871853518851,3854.948390137922,25.0472090703564,2818.0765366190712,22.84610116213239,4.18993773150336,15.728654142515545,29.344937717197837,0.09925502319884344,13.616283574682292,0.45889994548551555,0.26362857705180953,0.0239403225421713,0.9397356945851634,-0.002855381200606489,0.9157953720429921,0.46140129135676683,0.2904516633122398,0.0665086892720077,0.9958688850946766,0.0026487463171345135,0.9293601958226689,0.4740995352545915,0.2962737057960904,0.0297104223065579,0.9917531182974658,-0.0007179444103130143,0.962042695990908,56.870739609428476,22.575579118269264,20.56338247297465,99.3512393578742,-0.35318421511278275,78.78785688489955,0.8051401623077318,56870739609.428474,0.03794282208038699,1,3,Heavy Load,2024-12-25 07:20:00
94.60988855219303,15.95573173258092,66.85710825401354,118.64581536183098,-0.2418182121821878,51.788707107817444,2600.6184637205743,883.2748828888974,1036.871853518851,3960.206184284324,11.22831614816883,2923.334330765473,23.29059462914863,4.352043845486649,15.728654142515545,29.57942049921678,0.05353881825444451,13.850766356701236,0.49105510904660543,0.2667812454184812,0.0579944867380762,0.9397356945851634,-0.0006950484883162477,0.8817412078470872,0.4725323483719844,0.30920756834648044,0.0278606606358805,0.9958688850946766,0.01310706686875614,0.9680082244587961,0.4792406916377438,0.29339991185941994,0.0752987134013593,0.9917531182974658,-0.003966282532502629,0.9164544048961065,56.36910139513049,21.775666365025543,20.56338247297465,99.3512393578742,0.06221123507781442,78.78785688489955,0.8331227886093016,56369101395.130486,0.03637976499514635,1,3,Heavy Load,2024-12-25 08:35:00
93.52918661805238,16.74646446885836,60.67880759487115,119.8428568458116,-0.39763783768129946,59.164049250940444,2630.0952446067913,818.7414804265063,1211.972324381899,3960.206184284324,-9.030147125195947,2748.233859902425,23.568591284843063,4.584619784458614,15.728654142515545,29.57942049921678,0.019904579018533743,13.850766356701236,0.4871242565215418,0.272584560808748,0.0579944867380762,0.9397356945851634,0.009129080307559862,0.8817412078470872,0.50241003613326,0.3157456319614599,0.0142774159881032,0.9958688850946766,0.004901576013831251,0.9815914691065735,0.46818330101267236,0.2941493967592673,0.0434273261089862,0.9917531182974658,-0.007832702231849235,0.9483257921884796,56.353092429719005,21.524920184350886,20.56338247297465,99.3512393578742,0.08946913091885851,78.78785688489955,0.8419628786628369,56353092429.719,0.03556114053657982,1,3,Heavy Load,2024-12-25 09:50:00
94.01875307269448,17.160240787690196,60.67880759487115,119.8428568458116,0.0730978861978541,59.164049250940444,2596.471926060292,787.3879269954671,1152.5539648360889,3960.206184284324,-9.647516877198209,2807.652219448235,23.224286796638577,4.655379389504723,15.834185063140549,29.57942049921678,-0.12224384866258954,13.745235436076232,0.49039577885751573,0.26263394607069296,0.065562951797332,0.9397356945851634,0.00520262800179286,0.8741727427878314,0.5263089885565917,0.31262318247715815,0.0142774159881032,0.9958688850946766,0.007263527246178695,0.9815914691065735,0.4730081994092742,0.28328908693610033,0.0434273261089862,0.9865853393306324,0.005131383084969,0.9431580132216462,55.69994949594672,20.043917908392043,20.56338247297465,95.38731773539772,-0.3643835272072048,74.82393526242306,0.8609447880469082,55699949495.94672,0.0362101943522078,1,3,Heavy Load,2024-12-25 11:30:00
92.4009372678301,17.129953014651996,60.67880759487115,119.8428568458116,-0.3475144604286396,59.164049250940444,2580.1424503214494,835.2300909012358,1151.2782395701038,3960.206184284324,-14.15367493374497,2808.9279447142203,22.435666935261615,4.7568005187616444,15.834185063140549,29.899857653611477,-0.05328129968924154,14.065672590470928,0.4880009736440839,0.2591221161264835,0.065562951797332,0.9397356945851634,0.003239462892568364,0.8741727427878314,0.5706443036513721,0.2860980752336955,0.0142774159881032,0.9958688850946766,0.002304173510277104,0.9815914691065735,0.476682968169941,0.28794733588662974,0.0272608242463175,0.9865853393306324,0.004806011135190851,0.9593245150843149,56.939220958382094,19.262722246485588,25.179197619828003,94.7748650327122,0.31175680017164603,69.5956674128842,0.8893854753202562,56939220958.38209,0.03581233945293146,1,3,Heavy Load,2024-12-25 13:35:00
89.56727859020127,16.317830408664395,60.67880759487115,119.8428568458116,-0.31559680368108056,59.164049250940444,2506.0869771819134,833.04195113433,1151.2782395701038,3960.206184284324,-5.878200852895416,2808.9279447142203,22.977870353295657,4.427358352124668,16.047162178635837,29.899857653611477,-0.02797547124587972,13.85269547497564,0.5256381081440387,0.2588427515209931,0.0914517307486745,0.9397356945851634,-0.0011722713691802934,0.8482839638364889,0.5625172697104439,0.28820001194329514,0.0142774159881032,0.9958688850946766,-0.007074382445959756,0.9815914691065735,0.508055523635456,0.2870470048991232,0.0272608242463175,0.9865853393306324,0.004886694055323079,0.9593245150843149,57.066591413965995,20.04010014207005,25.179197619828003,94.7748650327122,0.32588123348589987,69.5956674128842,0.92241070817301,57066591413.96599,0.035739892272581605,1,3,Heavy Load,2024-12-25 14:20:00
87.89359280778604,15.518422005226105,60.67880759487115,119.8428568458116,-0.12053665816881541,59.164049250940444,2511.9643742741882,859.2030170440617,1053.5721084112977,3960.206184284324,4.652750418574424,2906.6340758730266,22.87388393598981,4.5440195678123505,15.834603379570964,29.899857653611477,0.007111915024604131,14.065254274040512,0.49734603238662445,0.2682970998919471,0.0246222579302372,0.91221151439919,-0.00654815731353276,0.8875892564689528,0.5310525823359794,0.2808237988660199,0.0142774159881032,0.9810587087370304,-0.0067274259928432854,0.9667812927489272,0.5239776867878331,0.2847382157749718,0.0272608242463175,0.9596176720687568,0.004496093581325586,0.9323568478224393,60.541134469022396,21.172467405434826,26.58887101919204,94.85356870604312,0.3705077676790925,68.26469768685108,0.8966172747543725,60541134469.02239,0.03498998381821485,1,3,Heavy Load,2024-12-25 16:15:00
87.90175191453986,17.968431546665673,60.67880759487115,119.8428568458116,-0.3586550610463736,59.164049250940444,2538.2611661538276,811.7251402384857,1053.5721084112977,3933.383787423594,17.69909197935572,2879.8116790122967,22.5299003431836,4.618410632680841,15.582968013342844,29.899857653611477,0.008589684639474364,14.316889640268633,0.4528660804114714,0.2716494555171698,0.0062715398961825,0.91221151439919,-0.007114001285058441,0.9059399745030076,0.49486737958933474,0.2599167873555446,0.0142774159881032,0.9810587087370304,-0.004553805527577688,0.9667812927489272,0.5520594095183238,0.28982998824265455,0.0272608242463175,0.9993840013037484,0.004771135292733439,0.9721231770574309,59.930472942160414,22.923401270925453,25.871314910041725,99.4534630597448,0.4713526414120834,73.58214814970307,0.8687640656740957,59930472942.16041,0.034630696433706816,1,3,Heavy Load,2024-12-25 17:50:00
85.73242485372923,16.665116998436577,60.82706627951764,119.25487105719095,-0.6426958540874232,58.427804777673316,2554.315092759273,885.8021443379275,1053.5721084112977,3933.383787423594,11.7639392002533,2879.8116790122967,22.00389924621161,4.317880308116516,15.582968013342844,29.899857653611477,-0.009933526853322553,14.316889640268633,0.40850051846585905,0.2487499202435154,0.0062715398961825,0.8667782430169427,-0.004590357887437859,0.8605067031207603,0.5015249089111827,0.23715080405221703,0.0565778231340109,0.9810587087370304,-0.006627309750447149,0.9244808856030194,0.5825963150262062,0.25990036156116236,0.0272608242463175,0.9993840013037484,-0.0018303096781467796,0.9721231770574309,59.280636007493364,23.401416828382516,21.794011104447904,99.4534630597448,0.03723701115412055,77.6594519552969,0.8705276412195998,59280636007.49336,0.0335637623943715,1,3,Heavy Load,2024-12-25 19:20:00
85.40873947055512,16.586177116916872,60.82706627951764,119.25487105719095,0.39832467368216035,58.427804777673316,2530.720388187724,869.4435991071565,1053.5721084112977,3933.383787423594,2.613065317071107,2879.8116790122967,22.482151734523917,4.428307108666535,15.582968013342844,29.899857653611477,-0.04466478561196007,14.316889640268633,0.4443668490652372,0.268502210038414,0.0062715398961825,0.8810244720742361,0.003078560797889649,0.8747529321780536,0.4887369732683266,0.24820976665084676,0.0565778231340109,0.9459017485723042,0.0008349853369557524,0.8893239254382933,0.5294097291236455,0.2657448988847562,0.0272608242463175,0.9993840013037484,-0.003207136136374545,0.9721231770574309,59.38359726356634,23.258945468929596,21.794011104447904,99.4534630597448,-0.6464177862574176,77.6594519552969,0.8465225259131761,59383597263.56633,0.033748785471996466,1,3,Heavy Load,2024-12-25 20:05:00
87.32327850567599,17.604188607218234,60.82706627951764,119.25487105719095,0.47603788539413383,58.427804777673316,2532.0018565876485,793.7680182766652,1053.5721084112977,3933.383787423594,0.5733866856964794,2879.8116790122967,22.346109944869074,4.396867464578481,15.582968013342844,29.809465280441067,-0.11296129212919119,14.226497267098223,0.45279303904480456,0.2842310398512584,0.0062715398961825,0.9113002921112856,0.004409153259158413,0.9050287522151031,0.4553824790428504,0.2700621604017721,0.002691176431983,0.9459017485723042,0.0034231741274806894,0.9432105721403212,0.5302209845882259,0.26266129251807535,0.0270417870611893,0.9993840013037484,-0.006505408442733539,0.9723422142425591,59.561316131059165,22.415213066456843,21.794011104447904,99.4534630597448,0.05761237601419356,77.6594519552969,0.8327839040977855,59561316131.05916,0.034487841420211524,1,3,Heavy Load,2024-12-25 21:25:00
88.12476061129153,18.439608617194732,62.51705348078637,119.25487105719095,0.1882617094789973,56.73781757640458,2502.2165880647726,813.4457514454796,1053.5721084112977,3981.809284539756,-13.589793190490974,2928.2371761284585,22.40412679422602,4.361246670756062,15.582968013342844,29.809465280441067,0.050327087012966586,14.226497267098223,0.4137450051664107,0.29093171667227324,0.0062715398961825,0.9113002921112856,0.0036050027234756014,0.9050287522151031,0.5048048199154099,0.277456700331958,0.002691176431983,0.9984626456510478,0.007970442600773708,0.9957714692190648,0.538266503639106,0.2649768899157589,0.0270417870611893,0.9993840013037484,-0.0015859862624772948,0.9723422142425591,61.83435774467296,23.299867582024252,21.794011104447904,99.4534630597448,0.22328479489512262,77.6594519552969,0.8460163499896739,61834357744.67295,0.035218678123882026,1,3,Heavy Load,2024-12-25 22:15:00
90.91782294177277,19.324004372861157,62.51705348078637,119.25487105719095,0.5794833545296892,56.73781757640458,2557.5616015255,803.9899715853221,1229.8129760186978,3981.809284539756,5.238659153617706,2751.9963085210584,22.625865594072582,4.119921872299756,15.582968013342844,29.809465280441067,0.1362299082966252,14.226497267098223,0.44566628665050984,0.30137009180655555,0.0062715398961825,0.9113002921112856,0.0039308562071962054,0.9050287522151031,0.4823841443636504,0.2709402464246289,0.002691176431983,0.9984626456510478,0.00016923450480804886,0.9957714692190648,0.4979966811858592,0.2690755278458354,0.0270417870611893,0.9993840013037484,-0.006116785560721031,0.9723422142425591,57.64170885095667,23.68605361779928,21.794011104447904,99.4534630597448,-0.036051941425624824,77.6594519552969,0.8242048266434964,57641708850.956665,0.03554863463994116,1,3,Heavy Load,2024-12-26 01:15:00
90.75423346191117,17.084330748622296,60.508959987975054,118.40447086839212,0.202332866360263,57.89551088041707,2482.1929890778174,845.2727670616298,1212.364719935892,3981.809284539756,12.527047648849537,2769.444564603864,23.10565661931186,3.8414318831634695,16.099331384741973,29.44090715543772,0.1702947863851664,13.341575770695748,0.5029724246679316,0.3059030791512409,0.0197798123502077,0.9439360117883676,0.006488524303825879,0.92415619943816,0.4920696046398273,0.2733180634724701,0.002691176431983,0.9984626456510478,-0.0019522233049986293,0.9957714692190648,0.4258421429415286,0.2688525895070653,0.0270417870611893,0.9939989266276756,-0.01083062940456972,0.9669571395664863,59.74294954478583,22.795659918994282,21.794011104447904,98.50568016175303,0.41789393114957774,76.71166905730513,0.8224690185604362,59742949544.78583,0.03656211820001479,1,3,Heavy Load,2024-12-26 02:00:00
93.16689845511269,16.582177363481847,60.508959987975054,118.40447086839212,-0.3548830346716587,57.89551088041707,2359.053873141774,832.7984027874959,1030.379629646104,3981.809284539756,-7.9683791053927955,2951.429654893652,23.621310197174928,3.9064324084557667,16.099331384741973,29.44090715543772,0.08038335391487904,13.341575770695748,0.5130156102895772,0.30673992228375496,0.0197798123502077,0.9439360117883676,-0.001628016124026798,0.92415619943816,0.45676950256778087,0.2912893922991708,0.002691176431983,0.9984626456510478,-0.007363077982599291,0.9957714692190648,0.4206567822924569,0.2669051321224513,0.0270417870611893,0.9939989266276756,-0.002747172957710726,0.9669571395664863,59.39031111166528,24.13259001101925,20.374428864795583,98.50568016175303,-0.1209102949849035,78.13125129695746,0.8054660286849153,59390311111.665276,0.0394933322701247,1,3,Heavy Load,2024-12-26 03:10:00
94.48668265318382,16.621839016428048,60.508959987975054,118.40447086839212,0.32520467727396035,57.89551088041707,2420.8984073387287,842.6881623981783,1030.379629646104,3981.809284539756,-1.7680994358640116,2951.429654893652,23.765915470635537,3.963502185580296,16.13957958536033,29.519585168025664,0.05989637988330683,13.380005582665333,0.49705598123487177,0.31702691934859123,0.0197798123502077,0.9728871063549698,0.005287365058734533,0.9531072940047621,0.4455094539637409,0.2995415134178375,0.002691176431983,0.9984626456510478,-0.0038732340212203086,0.9957714692190648,0.4445959718195626,0.2842403546973542,0.0270417870611893,0.9939989266276756,-0.003140813589661834,0.9669571395664863,61.519520816006825,25.49033073547323,20.374428864795583,98.50568016175303,-0.41731241573873484,78.13125129695746,0.8020030549883294,61519520816.00682,0.039029594288945056,1,3,Heavy Load,2024-12-26 04:35:00
93.5860796175024,17.001733264395344,60.508959987975054,118.40447086839212,0.1639768689977657,57.89551088041707,2363.6937880898718,896.6103787568182,1028.6488164271125,3981.809284539756,-6.247217591518475,2953.1604681126437,23.97472764218335,3.7247048117187345,16.52767142466578,29.519585168025664,-0.10366336669386658,12.991913743359884,0.4585997155236961,0.30901117405358364,0.062748633078561,0.9728871063549698,-0.0010919481030487836,0.9101384732764087,0.47641304016479236,0.2970149511927211,0.0032997418507852,0.9984626456510478,-0.001820187072668927,0.9951629038002626,0.47026821306018635,0.29583526559892237,0.0551494560730864,0.9939989266276756,0.00290654326223367,0.9388494705545892,59.67352118705565,25.124948532696216,20.374428864795583,98.50568016175303,-0.07881531462162379,78.13125129695746,0.8114402480357354,59673521187.05564,0.03959314869339755,1,3,Heavy Load,2024-12-26 05:15:00
95.91825328884461,15.779750602563668,60.508959987975054,119.35378429199048,0.16937913502427082,58.844824304015425,2390.818241176341,914.9801164397608,1003.8834661312076,3942.698416705019,-13.745417596858529,2938.8149505738115,23.57901284480338,4.4107996604904,16.29522678833902,29.96428216912051,-0.10022477217552678,13.66905538078149,0.4679375987847239,0.28706098027331356,0.1026655821680551,0.9728871063549698,-0.009966142731703003,0.8702215241869147,0.4286176134256326,0.2744429751305188,0.0032997418507852,0.9149281126763608,0.005096960870540771,0.9116283708255756,0.47499144707134255,0.2893628092524058,0.0551494560730864,0.9956456918198664,0.015669706671665302,0.94049623574678,58.52177873408093,23.672976090896363,20.374428864795583,97.5929433677515,0.5247318097259923,77.21851450295591,0.7926509507254919,58521778734.080925,0.04011942507250174,1,3,Heavy Load,2024-12-26 06:20:00
93.22373308289295,16.86332862330757,60.508959987975054,119.35378429199048,0.21126671087882756,58.844824304015425,2392.651540365852,892.9261018895977,1003.8834661312076,3706.682563530968,24.798456683972173,2702.7990973997603,22.600610813553924,4.67678486358784,15.524465059629312,29.96428216912051,-0.18470499793378295,14.439817109491196,0.47061940483570497,0.280407674955696,0.1026655821680551,0.9728871063549698,-0.005760989846647192,0.8702215241869147,0.4448855155667273,0.2892005836463599,0.0032997418507852,0.9149281126763608,-0.0004808952887530603,0.9116283708255756,0.48986155626737954,0.285805097923656,0.0399233469286983,0.9956456918198664,0.008659905944595503,0.9557223448911681,59.40824654110868,22.271625741604147,20.374428864795583,97.5929433677515,-0.37018390369855586,77.21851450295591,0.8120160654061501,59408246541.10868,0.03896251982795557,1,3,Heavy Load,2024-12-26 07:25:00
94.98214427608272,15.545610436946614,66.72108266651608,119.35378429199048,-0.13422007459512791,52.6327016254744,2466.196236523052,901.9612790319867,1003.8834661312076,3706.682563530968,32.97769393493778,2702.7990973997603,21.74034701053891,4.88460971792788,15.33691548067221,29.96428216912051,-0.18397509465323839,14.627366688448298,0.39242015755842147,0.26768517851010354,0.0115487715752397,0.9728871063549698,-0.003699085373783878,0.9613383347797301,0.47718494666199546,0.28194877905934645,0.0032997418507852,0.9149281126763608,0.008649825003701699,0.9116283708255756,0.5562783983742803,0.2726367836174376,0.0399233469286983,0.9956456918198664,-0.0009384612901860277,0.9557223448911681,55.81967146625183,22.076644283238824,20.374428864795583,97.5929433677515,-0.12210271772887575,77.21851450295591,0.8313511351269344,55819671466.25183,0.03851361982856343,1,3,Heavy Load,2024-12-26 08:35:00
93.42785856740726,16.096397076401402,66.72108266651608,119.35378429199048,-0.7332968579361805,52.6327016254744,2659.295248817769,831.8033068524688,1003.8834661312076,3735.324057683054,17.991974681073255,2731.4405915518464,21.82006570264684,4.874605314435518,15.33691548067221,29.96428216912051,-0.05442820176786459,14.627366688448298,0.3997414494122695,0.2786180699534063,0.0115487715752397,0.9728871063549698,-0.0024631310030509127,0.9613383347797301,0.5075076397795728,0.27385192655057333,0.0151003013976284,0.9149281126763608,0.0003947538154666091,0.8998278112787323,0.5585221870894002,0.2825714389202617,0.0399233469286983,0.9956456918198664,-0.0023102601808268433,0.9557223448911681,55.770915513137275,21.53883112914722,25.532384006343385,97.5929433677515,-0.42786356736958064,72.06055936140811,0.8539931289442448,55770915513.13727,0.03513256326424908,1,3,Heavy Load,2024-12-26 09:30:00
90.74268426382417,16.682112778804175,64.8301836543323,119.35378429199048,-0.23685266061434093,54.52360063765818,2494.72666478365,907.0064904411521,1003.8834661312076,3735.324057683054,-4.371183739353824,2731.4405915518464,21.6906539956871,4.81529246430262,15.33691548067221,29.96428216912051,0.0622027041897269,14.627366688448298,0.36627775442647953,0.23896499294099097,0.0115487715752397,0.9277758980203424,0.0021694939019249546,0.9162271264451027,0.49777850402626295,0.24719700676369682,0.081562610552934,0.9149281126763608,-0.002786025991364195,0.8333655021234267,0.5036067829495056,0.289544357389362,0.0399233469286983,0.9956456918198664,-0.014431405294663526,0.9557223448911681,54.527286989781935,19.942472653024677,25.532384006343385,92.1690073666166,-0.29915809256162573,66.6366233602732,0.7972218162413013,54527286989.78193,0.03637379819792548,1,3,Heavy Load,2024-12-26 10:15:00
91.03410465825507,16.256366473277414,64.8301836543323,119.35378429199048,-0.35058064870908684,54.52360063765818,2630.665620559289,864.1655397734048,1003.8834661312076,3735.324057683054,-5.43097461454423,2731.4405915518464,21.812157401516345,4.982628219155838,15.33691548067221,29.96428216912051,0.09699611583241471,14.627366688448298,0.39132918080637163,0.2569169688452718,0.0115487715752397,0.9277758980203424,-0.00030574178337179175,0.9162271264451027,0.49918238248003566,0.23334921172395645,0.1389710921508948,0.9533017726479804,0.004384649059316177,0.8143306804970857,0.45934748698023875,0.27410230429372456,0.02173996628485,0.9956456918198664,-0.012963305135217833,0.9739057255350164,53.97552436333135,21.663091026768715,22.094308916956955,97.34899279727712,-0.0033815158260793662,75.25468388032016,0.7831485762766164,53975524363.33135,0.03460496991590322,1,3,Heavy Load,2024-12-26 11:25:00
91.07635347056468,16.31420785291278,64.8301836543323,117.10281251098507,0.29480837999128073,52.27262885665277,2685.6139627327493,810.9878096451392,1162.1284171829293,3735.324057683054,-9.080748110762439,2573.1956405001247,21.78028357559619,4.4960576118701265,15.33691548067221,29.61651169421241,0.149159866919985,14.279596213540199,0.403528642351373,0.26919788823446444,0.0115487715752397,0.9277758980203424,-0.00034103584179857356,0.9162271264451027,0.4868132038844774,0.23990024094713094,0.1389710921508948,0.9533017726479804,-0.003968488265362568,0.8143306804970857,0.4114398490472799,0.26023875605322694,0.02173996628485,0.9199716389361524,-0.007385671584927231,0.8982316726513024,53.31649482621814,22.723541734065407,21.24409386130949,97.34899279727712,0.4734657757620682,76.10489893596763,0.7543906216664286,53316494826.21814,0.03391267499141606,1,3,Heavy Load,2024-12-26 12:30:00
92.34512916577906,15.42830058108843,64.8301836543323,117.10281251098507,0.3369113867947185,52.27262885665277,2636.2940097145693,797.4605252756473,1162.1284171829293,3735.324057683054,3.199704397457585,2573.1956405001247,22.38793712531615,4.443228982585604,15.33691548067221,29.61651169421241,0.03382640675868569,14.279596213540199,0.409355889652126,0.29337508713491584,0.0115487715752397,0.9277758980203424,0.01018784767360122,0.9162271264451027,0.5255541870595125,0.2485780424217604,0.0473462800130327,0.9533017726479804,-0.002408736957394276,0.9059554926349478,0.3923174667769318,0.2784911346314833,0.0105143408796354,0.940870459003776,-0.009987677009946174,0.9303561181241405,54.47444606253467,22.967175178459023,21.24409386130949,97.34899279727712,0.41018412687971273,76.10489893596763,0.7731057124785314,54474446062.53467,0.03502838789053624,1,3,Heavy Load,2024-12-26 14:35:00
92.85196505437605,16.15481449788496,64.8301836543323,117.10281251098507,0.5621550629981006,52.27262885665277,2559.094174555809,781.8747624023124,1162.1284171829293,3735.324057683054,0.6839065743269426,2573.1956405001247,23.20982769111604,4.088500984079498,15.713326080642783,29.61651169421241,-0.04180978403435389,13.903185613569626,0.4231802676449296,0.2891764516870859,0.0216064661877743,0.9277758980203424,-0.0008571203568854943,0.9061694318325682,0.49140559732372896,0.25536022136850056,0.0473462800130327,0.9533017726479804,0.003122929190049816,0.9059554926349478,0.36059156436626877,0.25253410968232687,0.0105143408796354,0.940870459003776,-0.0028172789414879157,0.9303561181241405,56.39722520210803,22.566797251468735,21.24409386130949,97.34899279727712,0.40166737933187696,76.10489893596763,0.7420156846706396,56397225202.10803,0.03628313720439487,1,3,Heavy Load,2024-12-26 15:10:00
95.53039858548482,16.64839965055678,64.8301836543323,118.03167127526196,0.2523653450170391,53.201487620929655,2476.0767739315083,794.4078682473474,1162.1284171829293,3701.517950294875,11.420398081617037,2539.3895331119456,22.942956077525587,4.39939218894092,15.188151714393625,29.88594594523264,-0.014716072303870967,14.697794230839014,0.4407437104821416,0.29878301390755646,0.0216064661877743,0.98835489123515,0.003987982999624326,0.9667484250473757,0.4835718748538688,0.26758923665592127,0.0473462800130327,0.9533017726479804,9.841472480859808e-05,0.9059554926349478,0.34795499586918444,0.25552689126178724,0.0105143408796354,0.940870459003776,0.007034936737434864,0.9303561181241405,61.44407305111997,22.73591734223432,21.24409386130949,99.93295607075994,0.7447164726059767,78.68886220945045,0.7410596842559821,61444073051.119965,0.03858135563131263,1,3,Heavy Load,2024-12-26 15:55:00
94.2882463121013,15.55411526153257,65.42464913840557,118.03167127526196,-0.18911522709804973,52.607022136856386,2516.9159516158074,746.8777372466106,1140.6744228895443,3701.517950294875,-32.51157301729515,2560.843527405331,22.860559928975466,4.221845007799496,15.188151714393625,29.88594594523264,-0.005207353798645215,14.697794230839014,0.4162336962957055,0.3076606788293942,0.0216064661877743,0.98835489123515,-0.005597853996970287,0.9667484250473757,0.4925234164022005,0.271339253730093,0.0473462800130327,0.9533017726479804,-0.0017161280890704692,0.9059554926349478,0.39555769572319854,0.2806114979999046,0.0010855533363649,0.940870459003776,0.0036192746403336347,0.939784905667411,61.22659718289262,23.945811969752075,20.686463576012653,99.93295607075994,0.23366873942186875,79.24649249474729,0.7565022777773557,61226597182.89262,0.03746181760720703,1,3,Heavy Load,2024-12-26 17:00:00
94.21057015213954,16.699252896499175,63.82621183406444,118.03167127526196,-0.5035650256124328,54.20545944119752,2454.862869065683,733.3996913751162,1140.6744228895443,3558.612241772166,-14.58203083131788,2417.9378188826213,22.47998051807496,4.1269209790577355,15.188151714393625,29.88594594523264,-0.06373224969528593,14.697794230839014,0.4210402536784173,0.30892639623207985,0.0298174296866603,0.98835489123515,-0.004440915020281424,0.9585374615484896,0.4804341345435731,0.27684409752174405,0.0473462800130327,0.9134627420443572,0.00337781481273481,0.8661164620313245,0.4318429669473672,0.2936840328137874,0.0010855533363649,0.940870459003776,0.00797680518992256,0.939784905667411,61.95083857057049,22.497087947313467,20.686463576012653,99.93295607075994,-0.03526924471929035,79.24649249474729,0.7710902677080829,61950838570.57049,0.03837712132083204,1,3,Heavy Load,2024-12-26 18:15:00
94.3491016929838,17.457556659676836,63.82621183406444,118.03167127526196,0.004045040842189733,54.20545944119752,2386.198512672549,671.3338105341476,1140.6744228895443,3481.077113193295,-6.671893610406886,2340.402690303751,21.913499949894913,4.288069852770673,15.188151714393625,29.88594594523264,-0.15474958763686242,14.697794230839014,0.43619927374566153,0.32195158680071884,0.0298174296866603,0.98835489123515,-0.00010254379545762071,0.9585374615484896,0.5254319602138673,0.27442165043974587,0.0473462800130327,0.9134627420443572,0.0014721960823683253,0.8661164620313245,0.4478672459687322,0.29918278765082107,0.0010855533363649,0.940870459003776,0.007787008063387872,0.939784905667411,61.686865770127774,20.226222023655264,20.686463576012653,99.93295607075994,-0.11633754833524264,79.24649249474729,0.8166600401893351,61686865770.12777,0.039539502347318345,1,3,Heavy Load,2024-12-26 19:30:00
93.64988248214027,18.72387811097617,62.33532490178034,118.03167127526196,-0.036311941756878324,55.69634637348162,2367.2501811860216,735.0159677798913,1140.6744228895443,3937.403821290728,9.853491322740362,2796.729398401184,21.578902734991537,4.386320687433831,15.066303424098177,29.88594594523264,-0.17182671865821933,14.819642521134462,0.43948000901285994,0.29434052607285305,0.0298174296866603,0.98835489123515,0.009521327810359144,0.9585374615484896,0.4824614032619935,0.24911115663587813,0.0796281444745176,0.8824854211050617,0.003130909699228247,0.8028572766305441,0.48878355058133777,0.27412892360775154,0.0010855533363649,0.9189373951169534,0.005589729045675175,0.9178518417805884,61.58715894743277,20.968689005243302,20.686463576012653,99.93295607075994,-0.44345672395785424,79.24649249474729,0.8153655887259251,61587158947.43276,0.03956061899432215,1,3,Heavy Load,2024-12-26 20:45:00
90.9431696467844,18.9425595153591,62.33532490178034,118.03167127526196,-0.16126435360589284,55.69634637348162,2436.1463268139128,712.8528406647038,1140.6744228895443,3937.403821290728,19.905349074477172,2796.729398401184,21.012539222217494,4.25197359312372,15.066303424098177,29.88594594523264,-0.06481998050432097,14.819642521134462,0.4644241853070051,0.29473634900774287,0.0298174296866603,0.98835489123515,0.005074220844872173,0.9585374615484896,0.44880983779737,0.24439604950922444,0.0770232934336755,0.8694817258363874,-0.0035530638639209105,0.7924584324027119,0.49346479375435565,0.2821819253421952,0.0010855533363649,0.9189373951169534,-0.00013096501615882767,0.9178518417805884,61.633276289005494,20.870290954948782,20.686463576012653,99.93295607075994,-0.39548516558807584,79.24649249474729,0.8127900079828773,61633276289.00549,0.03733075006447721,1,3,Heavy Load,2024-12-26 22:20:00
91.27545019085787,18.862748327730753,62.33532490178034,118.71768337289777,0.27601290489786123,56.38235847111743,2435.4987783432575,762.4001088630777,1084.1751611033742,3937.403821290728,16.537702391695163,2853.228660187354,20.39276198147709,3.8167158753082626,15.066303424098177,28.505931991761475,-0.0867707612187719,13.439628567663298,0.460242571976949,0.2794637325272389,0.0298174296866603,0.9735320655776116,0.010580819121970715,0.9437146358909513,0.48027652501484436,0.2346641244965078,0.0770232934336755,0.8936475593984987,-0.0017169137070531782,0.8166242659648232,0.48637971661222035,0.298845096508723,0.0010855533363649,0.8997047127343999,-0.0024177738178200532,0.8986191593980349,59.65632440172292,20.92507691270985,20.686463576012653,94.7598695427198,0.4987599519174401,74.07340596670714,0.8240473252623755,59656324401.722916,0.037477107770486254,1,3,Heavy Load,2024-12-26 23:10:00
92.66346057830592,18.83067032152725,62.33532490178034,118.71768337289777,0.07717688731503286,56.38235847111743,2535.769460855861,735.9846803163425,1084.1751611033742,3937.403821290728,0.20214956293089426,2853.228660187354,20.05229574072367,3.704238971114858,15.066303424098177,28.505931991761475,0.019070366896712102,13.439628567663298,0.5041178745143818,0.27091382359155697,0.0430926642594792,0.9735320655776116,0.001043798186619012,0.9304394013181324,0.5051314245610766,0.22943167156686897,0.0770232934336755,0.8936475593984987,0.002199604988932203,0.8166242659648232,0.5303201767886606,0.2898672038491738,0.0058891074735538,0.9597116809970924,0.0038285588013601927,0.9538225735235386,60.151549307576296,20.54974742016567,22.44961339610878,98.1725079865504,0.11385194655209142,75.72289459044163,0.8891187082685623,60151549307.576294,0.03654254142923174,1,3,Heavy Load,2024-12-27 01:05:00
94.12025913420652,17.580545344737775,62.33532490178034,119.6670640141705,0.09714640318379966,57.33173911239017,2628.2369133382517,796.583232840997,1084.1751611033742,3937.403821290728,18.000520222532234,2853.228660187354,20.65234879761385,4.210471721284536,15.066303424098177,29.99891198182003,0.149077773397229,14.932608557721853,0.4834663458923188,0.271907856821171,0.0460303462038894,0.9735320655776116,-0.006856052061764392,0.9275017193737223,0.5426045624263599,0.23186003991798987,0.0770232934336755,0.9359306810803644,0.009455004323550857,0.8589073876466888,0.5118047444231496,0.29535664205056633,0.0058891074735538,0.9597116809970924,0.004861304645634974,0.9538225735235386,59.57544003318947,20.955506975105582,22.44961339610878,98.1725079865504,0.035713261467278476,75.72289459044163,0.8888776716682776,59575440033.18947,0.03581117769731793,1,3,Heavy Load,2024-12-27 01:55:00
93.13081072336301,17.372364110722373,62.33532490178034,119.6670640141705,0.48285331735492704,57.33173911239017,2716.2723662104904,856.005282329008,1024.3693357800305,3937.403821290728,10.197868220542352,2913.034485510698,21.12912724414399,4.458354446218974,15.066303424098177,29.99891198182003,0.12344548492701012,14.932608557721853,0.4594277671742565,0.2555444058525974,0.0460303462038894,0.9388497344947668,-0.008189736647808409,0.8928193882908775,0.48670493888656835,0.2550011518930475,0.0639904747430213,0.9359306810803644,0.004471987424900303,0.871940206337343,0.5108584350079501,0.2959657123826685,0.0058891074735538,0.9597116809970924,0.0014116928194459256,0.9538225735235386,58.329469445124936,22.93628737162754,22.44961339610878,98.1725079865504,-0.3282944754287621,75.72289459044163,0.8419809447998648,58329469445.12493,0.03428625637173901,1,3,Heavy Load,2024-12-27 03:05:00
91.70688086040036,16.844674359582942,66.39166102942868,119.6670640141705,0.09076312728698242,53.27540298474183,2625.7220251660833,853.6896952811411,1024.3693357800305,3912.494451249464,-13.05805615891374,2888.1251154694337,21.223843594397273,4.29395202650613,15.348320279738964,29.99891198182003,0.09016859088778202,14.650591702081066,0.4705947092622095,0.2689936293885735,0.0460303462038894,0.9388497344947668,0.002691014162301108,0.8928193882908775,0.44623110721955567,0.28056296892856575,0.0421092049903805,0.9359306810803644,-0.009201675789939044,0.8938214760899839,0.5225133041195374,0.31211919061144017,0.0058891074735538,0.9597116809970924,0.006026675226227587,0.9538225735235386,56.49136950647918,22.325360003049386,22.44961339610878,98.1725079865504,-0.832463676864344,75.72289459044163,0.832827553829657,56491369506.47918,0.03492634786982056,1,3,Heavy Load,2024-12-27 04:45:00
92.47300510654628,16.38433121551577,66.39166102942868,119.6670640141705,-0.44926888789596925,53.27540298474183,2518.0920595213606,874.634815783073,1024.3693357800305,3912.494451249464,-21.16557519523068,2888.1251154694337,20.99560435705803,4.223336935858524,15.348320279738964,29.99891198182003,0.03654239662341001,14.650591702081066,0.5216519850609165,0.2833681900435026,0.0460303462038894,0.9851439273487972,0.009069410357859598,0.9391135811449078,0.502282556957755,0.28540414763329486,0.0421092049903805,0.9487721740159892,-0.011186046339917719,0.9066629690256087,0.5465517236772282,0.32304995292608346,0.0058891074735538,0.9755539386905931,0.00315837780443649,0.9696648312170394,57.516481120530756,25.465711541046268,21.965556946439165,99.20868237855206,-0.2486397616397028,77.24312543211289,0.9072636591402546,57516481120.530754,0.0367234409706703,1,3,Heavy Load,2024-12-27 06:20:00
90.99805646155771,15.639643973053275,63.356578239554416,119.6670640141705,-0.24502791365938908,56.31048577461609,2560.1472388389257,850.5372248506276,1024.3693357800305,3912.494451249464,-21.965535388680877,2888.1251154694337,22.149633863045324,4.496579851413011,15.348320279738964,29.99891198182003,0.09196804423692992,14.650591702081066,0.5141607246441,0.30024120271505716,0.0460303462038894,0.9851439273487972,0.009194038754348311,0.9391135811449078,0.5113765913403782,0.2842383434198853,0.0421092049903805,0.9487721740159892,-0.002054988137425901,0.9066629690256087,0.5034563487789799,0.3183294454405669,0.0130436620987801,0.9755539386905931,-0.012599259120402903,0.9625102765918131,55.63414815277918,25.504794102527047,21.965556946439165,99.20868237855206,0.2183465115951704,77.24312543211289,0.8827998437150474,55634148152.77918,0.03554407148193048,1,3,Heavy Load,2024-12-27 07:45:00
87.8453446202886,16.658430158438417,63.356578239554416,119.6670640141705,-0.6891008310656078,56.31048577461609,2431.699307777742,926.8310761505626,1024.3693357800305,3912.494451249464,-44.513278090799446,2888.1251154694337,22.532322886224893,4.377613475258214,15.348320279738964,29.99891198182003,0.05697445343069575,14.650591702081066,0.5463731146301077,0.2996084107138011,0.0582534890024253,0.9851439273487972,0.011460900893293843,0.9268904383463719,0.5288815799653467,0.30201115190762323,0.0421092049903805,0.9762876741073504,0.009186196557666422,0.9341784691169699,0.444321168697345,0.3135184823857874,0.0130436620987801,0.9755539386905931,-0.008037457220471387,0.9625102765918131,55.44588111918837,24.739736492702196,21.965556946439165,99.20868237855206,0.23487262591899866,77.24312543211289,0.880715962708648,55445881119.18837,0.03612508517780838,1,3,Heavy Load,2024-12-27 09:00:00
85.7778247537998,16.561834997436836,63.356578239554416,113.62314791351533,-0.27788481678615273,50.26656967396091,2276.0862153139774,858.1084339706557,1024.3693357800305,3912.494451249464,-19.085878874508207,2888.1251154694337,22.370224141458593,4.4237467289700865,15.348320279738964,29.89423975310459,0.1316735275063226,14.545919473365625,0.6022493582354363,0.29807039518849954,0.0098593948847373,0.993091874325978,0.006279122167999255,0.9832324794412407,0.47925361582173065,0.2971969545701185,0.0387740159295411,0.9762876741073504,0.01550052597159591,0.9375136581778093,0.43598397404358596,0.31026010129571846,0.0130436620987801,0.9755539386905931,-0.007484042057550003,0.9625102765918131,55.518455518103096,24.05178902944129,21.965556946439165,99.20868237855206,0.36847846794258,77.24312543211289,0.8845735375852232,55518455518.103096,0.03768654463819029,1,3,Heavy Load,2024-12-27 10:05:00
87.46043658852737,16.51234693921922,63.356578239554416,118.99603889269513,0.6909431420582701,55.63946065314071,2268.7681751047485,844.1785165231706,1044.273573868458,3807.683040482916,19.581944289504946,2763.4094666144583,22.296844149298717,4.516889820643742,15.817666476635482,29.89423975310459,0.09039330024222818,14.076573276469107,0.6206722953198115,0.3172237099427089,0.0098593948847373,0.993091874325978,-0.005728681549080039,0.9832324794412407,0.5458669588575639,0.292548246209684,0.0387740159295411,0.9762876741073504,0.012103890407438556,0.9375136581778093,0.42603724646381413,0.32484130731164235,0.0130436620987801,0.9755539386905931,-0.006649208283720368,0.9625102765918131,55.209606087382106,23.22615502630941,21.965556946439165,99.20868237855206,0.05598345514678171,77.24312543211289,0.9298992258973213,55209606087.3821,0.03854974587013032,1,3,Heavy Load,2024-12-27 12:10:00
89.02370391342723,16.67217469163688,63.356578239554416,118.99603889269513,0.6065957003091264,55.63946065314071,2305.494394853635,852.3113230044111,1044.273573868458,3807.683040482916,10.561909275376776,2763.4094666144583,22.28602400277215,4.7887886491533855,15.245948399603469,29.89423975310459,0.010541133359798444,14.64829135350112,0.5740089864495498,0.327445300897489,0.0098593948847373,0.993091874325978,-0.009972537655889875,0.9832324794412407,0.5993296187275495,0.2509437915714998,0.0387740159295411,0.9762876741073504,-0.0050657988984450664,0.9375136581778093,0.4209204007675771,0.3154559073458954,0.0130436620987801,0.9755539386905931,0.005414877163008866,0.9625102765918131,57.363380741870124,24.00499123862303,21.965556946439165,99.20868237855206,-0.37231230637347495,77.24312543211289,0.9305139935494183,57363380741.87012,0.038613715180634355,1,3,Heavy Load,2024-12-27 13:20:00
86.94625241380932,18.172200186895022,61.5044503497157,118.99603889269513,0.04348257315175096,57.49158854297943,2474.2555378682164,908.726157291294,1044.273573868458,3965.3151865806976,24.529362009265945,2921.04161271224,22.986378993430474,4.917979013230039,15.245948399603469,29.89423975310459,-0.043621155638348924,14.64829135350112,0.5430961962466748,0.3240724081568191,0.0058773185067929,0.993091874325978,-0.003547026464697869,0.9872145558191852,0.5885077130728972,0.2349607686352709,0.0387740159295411,0.9762876741073504,-0.005392313464730992,0.9375136581778093,0.4386130158810481,0.30643076289639953,0.0396081060346112,0.9753305270011924,0.018979302607812946,0.9357224209665812,53.892457582184505,20.572615681132394,22.36851442443694,97.9150155591561,-0.3138142460095933,75.54650113471916,0.913058697140642,53892457582.1845,0.03514036892435168,1,3,Heavy Load,2024-12-27 17:20:00
86.31734445244574,18.41859350597309,60.01454835792004,118.99603889269513,0.10076118990120886,58.981490534775084,2492.3597937204054,884.5062369730485,1044.273573868458,3965.3151865806976,40.337855916540015,2921.04161271224,22.7823418818622,4.798701329466639,15.245948399603469,29.71134160600543,0.08533116712563608,14.465393206401961,0.5708607635100337,0.30828654764962476,0.0058773185067929,0.995031781466586,-0.0035696401052498473,0.9891544629597931,0.5736157434929392,0.2555408352096383,0.0074180262198305,0.9762876741073504,-0.0037805401447962112,0.96886964788752,0.5087104456244995,0.28817155397724614,0.0396081060346112,0.9753305270011924,0.012206614001910242,0.9357224209665812,53.12393895787279,18.60752488784702,22.36851442443694,90.36419243950508,-0.22219018344075575,67.99567801506814,0.9558783133776458,53123938957.87279,0.03463277840941165,1,3,Heavy Load,2024-12-27 18:25:00
89.80114842864562,18.376055243233285,60.01454835792004,118.99603889269513,-0.12702456568746903,58.981490534775084,2626.0420900958447,850.0377604336571,1048.59373322105,3965.3151865806976,17.820313155869755,2916.721453359648,22.46591863384759,4.932767390899417,15.245948399603469,29.71134160600543,0.0412174037706852,14.465393206401961,0.6035711076550234,0.3148073580029946,0.0058773185067929,0.995031781466586,0.00785287517225437,0.9891544629597931,0.5498527440980001,0.26625412256119535,0.0074180262198305,0.9608536621704864,0.0025353759563711466,0.953435635950656,0.5643176881919314,0.28034468165781784,0.0396081060346112,0.9861307212231,0.012236450268427693,0.9465226151884888,55.24791809688283,20.294294703393653,22.36851442443694,95.83058447541757,0.20746510143520142,73.46207005098063,0.9925172922394342,55247918096.88283,0.03419638579569304,1,3,Heavy Load,2024-12-27 19:55:00
92.33757295926925,17.966083019201207,60.01454835792004,118.99603889269513,-0.021680014162675492,58.981490534775084,2750.6611323758084,809.0816214239475,1147.2128106261912,3965.3151865806976,8.864831650947293,2818.1023759545064,22.462461314973854,4.573527050425342,15.245948399603469,29.363622289407004,0.07425697692621742,14.117673889803536,0.5677321323512792,0.29599482427023277,0.0058773185067929,0.995031781466586,0.005848980447338804,0.9891544629597931,0.5805634086032072,0.2573072404455201,0.0074180262198305,0.9608536621704864,0.001290032650008454,0.953435635950656,0.6088820900914655,0.28705957622174155,0.0177219080019929,0.9861307212231,0.009590609662310866,0.9684088132211071,57.026174951580586,21.112966749305986,22.36851442443694,95.83058447541757,0.714297616433137,73.46207005098063,1.0149438630521674,57026174951.58058,0.0335692288200965,1,3,Heavy Load,2024-12-27 20:45:00
87.19190774473905,18.209033270753697,60.30858489559441,119.2899254936473,0.1745136350898149,58.981340598052896,2823.601969184187,849.0588279509894,1233.9200115311485,3961.19873926678,32.07954689947865,2727.278727735632,23.445393184958395,3.445403561694859,15.803283751602743,29.936659890016863,0.006034299412118584,14.13337613841412,0.5579305278071646,0.2838179098304678,0.0486436333715107,0.957321304434269,-0.0016711820124721678,0.9086776710627583,0.47669849523085,0.286422951923285,0.0056859708818404,0.895177874716871,0.0033153341414210746,0.8894919038350306,0.4863508277143948,0.2562521950405185,0.0354951837263677,0.9894509237253514,-0.0010387193604457375,0.9539557399989836,62.27956318427694,23.83154679390534,20.148909696266564,97.82330949072664,0.6972613934181325,77.67439979446007,0.8803777921057612,62279563184.27693,0.03087967379833323,1,3,Idle,2024-12-24 16:55:00
89.95701012793309,17.619239698894926,61.52401106470713,119.2899254936473,0.33897345925833366,57.76591442894017,2830.296558958579,868.0718655804138,1178.1780338381288,3961.19873926678,8.576408131494066,2783.020705428651,23.475767614187262,3.6808128849232036,15.803283751602743,29.936659890016863,-0.027227581607008708,14.13337613841412,0.5137637117380782,0.28352661859348555,0.0420583042697534,0.957321304434269,-0.00540583919484636,0.9152630001645156,0.4799201842333523,0.27376090850197454,0.0245051093855949,0.895177874716871,0.002505924080381545,0.8706727653312761,0.49847760750824704,0.25593232655021575,0.0354951837263677,0.9894509237253514,-0.0026708249868656864,0.9539557399989836,60.91472753502699,22.95794184874527,20.148909696266564,97.82330949072664,-0.04084145876501149,77.67439979446007,0.8618331972723074,60914727535.026985,0.031783598733919664,1,3,Idle,2024-12-24 18:35:00
91.88856747323014,18.26585697945578,61.52401106470713,119.2899254936473,0.2790556457655334,57.76591442894017,2810.004070974757,855.1057825069144,1026.5379640853023,3961.19873926678,-11.462397545979911,2934.660775181478,23.559831090157843,3.6342156076596956,15.803283751602743,29.936659890016863,-0.1003194686891023,14.13337613841412,0.5070170646924429,0.2776885295263758,0.0420583042697534,0.957321304434269,-0.0054597807901860555,0.9152630001645156,0.4836658365832397,0.30205232260079207,0.0245051093855949,0.9350986796242998,0.005311474474310415,0.9105935702387049,0.4646283335210717,0.26705377739747377,0.0354951837263677,0.9894509237253514,0.00044288426766832083,0.9539557399989836,61.51458818181062,22.454902208962523,20.148909696266564,97.82330949072664,-0.2068008596488846,77.67439979446007,0.8407606280491935,61514588181.81062,0.032700510444938644,1,3,Idle,2024-12-24 19:45:00
93.38644746324516,17.325832835069484,63.81721206969387,119.2899254936473,0.07857139367167582,55.47271342395343,2880.7002430548723,855.2152686898398,1026.5379640853023,3990.9182228148993,0.6202831621889808,2964.380258729597,23.361691058167107,3.5520189035108976,15.803283751602743,28.861461019559236,-0.009613563596811729,13.058177267956493,0.5177365834455891,0.26857616104781873,0.0248778027670264,0.957321304434269,-0.004757573294385559,0.9324435016672425,0.46943861706083356,0.2926105527212497,0.0245051093855949,0.9350986796242998,-0.0048365622505800844,0.9105935702387049,0.4186457202940057,0.2650222388317216,0.0161207200144857,0.9894509237253514,-0.006737166732793765,0.9733302037108656,61.760639623276134,22.43637334320425,23.334708951040515,97.82330949072664,-1.5286696898158094,74.48860053968613,0.8146705003536008,61760639623.27613,0.03241796771059123,1,3,Idle,2024-12-24 20:40:00
91.63610224129755,18.247855114424254,60.71273285579616,119.2899254936473,-0.10240869803888163,58.57719263785114,2874.3372782669157,797.3088283120765,1026.5379640853023,3990.9182228148993,6.5452405099235005,2964.380258729597,22.775350164633572,3.640101957905834,15.803283751602743,28.861461019559236,-0.037513740507429914,13.058177267956493,0.48743676279163434,0.2890620082056342,0.0033999460974688,0.957321304434269,-0.0005636013917987599,0.9539213583368001,0.46003966035102545,0.2827778059115336,0.0099718514287954,0.9350986796242998,-0.0027657960016516255,0.9251268281955044,0.4207007523259749,0.2766892919484244,0.0161207200144857,0.9894509237253514,-0.011261555468483448,0.9733302037108656,58.16475834692111,22.044667907562996,20.732371519896333,94.95800356434576,-0.7606901621278692,74.22563204444943,0.7913407671947125,58164758346.921104,0.031880775764961594,1,3,Idle,2024-12-24 23:20:00
93.0271257025056,19.329524928201984,60.71273285579616,119.83134350893975,0.0035234267574990284,59.11861065314359,2855.330934255734,901.3214422462205,1026.5379640853023,3990.9182228148993,6.789238392461469,2964.380258729597,22.882669133784482,4.0588707470288705,15.803283751602743,29.938548252097743,-0.02052807739706422,14.135264500495,0.5023054279341531,0.289277595931107,0.0033999460974688,0.957321304434269,0.0021592255438189338,0.9539213583368001,0.47035831237379955,0.27131687691129747,0.0099718514287954,0.9350986796242998,-0.008198453726232777,0.9251268281955044,0.4258575523036336,0.2673723437419573,0.0161207200144857,0.9894509237253514,-0.004334954372620278,0.9733302037108656,54.07717753392551,19.229082323661018,20.732371519896333,88.38313730849005,0.41472338327082475,67.65076578859372,0.809260365893007,54077177533.92551,0.03258015545114174,1,3,Idle,2024-12-25 00:10:00
94.03279069986615,18.60592098861012,60.71273285579616,119.83134350893975,-0.32183665871728306,59.11861065314359,2743.3662879454446,945.4286227144233,1026.5379640853023,3990.9182228148993,11.959282175184823,2964.380258729597,22.736750548563528,3.9858408085098147,16.044537950225894,29.938548252097743,-0.03513768336867526,13.894010301871848,0.5113604685885457,0.28519027603061725,0.0033999460974688,0.9946232345449284,0.0081815436979824,0.9912232884474595,0.4823222353460958,0.282137093088223,0.0099718514287954,0.978081757048998,0.004171211680294033,0.9681099056202026,0.4207920916121662,0.2808429070723425,0.0161207200144857,0.9738505562874032,0.0016774465658822432,0.9577298362729175,56.18185660441496,19.711812773206674,20.732371519896333,95.3216206131535,0.6438947204110215,74.58924909325717,0.8192620166391783,56181856604.414955,0.034276425686592865,1,3,Idle,2024-12-25 02:05:00
92.50231768139575,19.664716365176062,60.71273285579616,119.83134350893975,-0.21922168711371084,59.11861065314359,2721.252238865608,911.594909855389,1026.5379640853023,3990.9182228148993,-11.854864789422859,2964.380258729597,22.900696057386952,4.099371158607959,15.17299991711636,29.938548252097743,0.022924252526993753,14.765548334981382,0.529212150308047,0.299100386395603,0.0033999460974688,0.9946232345449284,-0.000665011821502864,0.9912232884474595,0.49120928963930033,0.28152659392539847,0.0099718514287954,0.978081757048998,0.005274472141766612,0.9681099056202026,0.40841565137582775,0.2664101049205339,0.0161207200144857,0.9738505562874032,0.0054929406691602775,0.9577298362729175,58.02250635702545,20.117112666748536,20.732371519896333,95.3216206131535,0.43258340035250203,74.58924909325717,0.8295513308713058,58022506357.025444,0.033992555471431284,1,3,Idle,2024-12-25 03:50:00
90.18833357595817,18.790732821540086,60.71273285579616,119.83134350893975,-0.39412642480982657,59.11861065314359,2730.6636790773414,871.0233064655414,1088.7937227810569,3990.9182228148993,-29.582820582736264,2902.124500033842,23.060057847906954,3.9964408453941753,15.17299991711636,29.938548252097743,0.015078166838662877,14.765548334981382,0.4995245972318435,0.3097012433865285,0.0033999460974688,0.9946232345449284,-0.007727110220121163,0.9912232884474595,0.4807653386639345,0.2639492809214309,0.0099718514287954,0.978081757048998,0.008659295698491564,0.9681099056202026,0.45210882732076835,0.27019353119583583,0.0161207200144857,0.958772574530857,0.014836249823366982,0.9426518545163712,55.504886859316294,20.672414787727533,20.732371519896333,95.3216206131535,0.10489934170432821,74.58924909325717,0.8276850402427505,55504886859.31629,0.03302799032593854,1,3,Idle,2024-12-25 04:45:00
88.08711579925655,18.61890425142548,60.71273285579616,119.83134350893975,-0.4204800213822444,59.11861065314359,2630.2324951041546,842.3600599646974,1088.7937227810569,3963.113765434493,-12.798642590561478,2874.320042653436,23.47667378843253,4.227263013521336,15.17299991711636,29.938548252097743,0.15034984394130727,14.765548334981382,0.502919987447878,0.317811980318805,0.0033999460974688,0.9946232345449284,-0.0031891856344886753,0.9912232884474595,0.5201143882980529,0.24569836672151862,0.0099718514287954,0.978081757048998,0.0017654665306754585,0.9681099056202026,0.5264291433154099,0.2634231695305934,0.0934628181369415,0.958772574530857,0.009120638576909205,0.8653097563939155,59.8467003560852,20.12373534999743,20.732371519896333,95.3216206131535,0.08856367813949083,74.58924909325717,0.8947486427042111,59846700356.0852,0.03349023934698533,1,3,Idle,2024-12-25 06:15:00
92.25301335977353,19.01144207986378,61.30902505041598,119.98219143203524,0.013558836087295663,58.673166381619254,2578.8691628703036,878.8121893241452,1088.7937227810569,3963.113765434493,-0.2853227252507446,2874.320042653436,23.70042484374102,4.054928105443826,15.17299991711636,29.938548252097743,0.02754330190043045,14.765548334981382,0.5211587391907738,0.3102567014368237,0.0216645095759023,0.9946232345449284,-0.0012241121029584736,0.9729587249690261,0.5063929247697108,0.23926670467017452,0.1654470621146111,0.978081757048998,-0.0037159755656324075,0.8126346949343869,0.5245671601910692,0.26325176320734034,0.0043911423340041,0.958772574530857,-0.0023962669349136393,0.9543814321968529,63.07063085096152,20.71773985293797,23.98968880294266,98.74522444902324,0.5518096768223001,74.75553564608057,0.896220358641033,63070630850.96152,0.035772661400586575,1,3,Idle,2024-12-25 07:35:00
90.82500347851264,18.143938098325428,61.30902505041598,119.98219143203524,0.1610620687225747,58.673166381619254,2436.134529296751,770.3837072426523,1262.1977682237705,3828.7639576769934,-13.251284752903269,2566.566189453223,22.70991385837645,4.356452178460012,15.098015955838214,29.26301813050729,-0.14032254811780512,14.165002174669077,0.507858657705541,0.31613905491716204,0.0216645095759023,0.9973439353235536,7.46338970600616e-05,0.9756794257476513,0.5073872447648369,0.24488832721394813,0.1654470621146111,0.978081757048998,-0.01015449338457374,0.8126346949343869,0.4631840842764915,0.28474428022948645,0.0043911423340041,0.958772574530857,-0.011311156357519114,0.9543814321968529,61.34133103669633,22.000828306935283,23.98968880294266,98.74522444902324,0.1398410458519208,74.75553564608057,0.8543428634240343,61341331036.69633,0.03728242524633131,1,3,Idle,2024-12-25 09:00:00
90.22231033946498,17.18575388557579,63.22603976859987,119.98219143203524,0.16285086030677143,56.75615166343537,2412.2443464351177,725.0110589013593,1363.275763512487,3828.7639576769934,-9.69394964941457,2465.4881941645062,23.10254502761866,4.368088498706796,15.098015955838214,29.26301813050729,-0.10037171524662233,14.165002174669077,0.4711990647612882,0.29334310532528507,0.0216645095759023,0.9973439353235536,0.0005683199876913268,0.9756794257476513,0.4856616998653884,0.21356457334501436,0.1654470621146111,0.8732941222211177,-0.0010995079946647878,0.7078470601065066,0.4661705188804876,0.25774876538411834,0.0043911423340041,0.958772574530857,-0.007343541156625671,0.9543814321968529,59.570370099166865,21.087470307065015,23.98968880294266,98.74522444902324,0.08344040466857028,74.75553564608057,0.8217121138338866,59570370099.16686,0.037401812329998015,1,3,Idle,2024-12-25 10:10:00
91.69831765480714,17.4268966987328,65.95008620991015,119.98219143203524,0.3896079131263092,54.03210522212508,2372.5662156201997,733.6831376402316,1325.7458056114192,3828.7639576769934,-23.69249342254117,2503.018152065574,23.28509546770216,4.229043772136974,15.098015955838214,29.26301813050729,-0.0032202369575622686,14.165002174669077,0.4816691735757317,0.27287120950920224,0.0221337329709091,0.9973439353235536,0.0018140112953040138,0.9752102023526444,0.44248513897342256,0.21049567435869565,0.1654470621146111,0.8732941222211177,-0.004809343764427368,0.7078470601065066,0.4908833458605832,0.27823321603756745,0.0043911423340041,0.9826981086159317,-0.00626197032533084,0.9783069662819276,59.1648181415231,22.27258050963602,20.73508456279269,98.74522444902324,-0.024489233892739506,78.01013988623055,0.81778038019308,59164818141.523094,0.03864942400810372,1,3,Idle,2024-12-25 11:05:00
94.62660864469666,17.38851540274186,65.95008620991015,119.98219143203524,0.23980993127946848,54.03210522212508,2381.916174168378,766.1152078595928,1170.664590760818,3828.7639576769934,-11.907270505129535,2658.0993669161753,23.120389095233637,4.4244002453751445,15.098015955838214,29.901753875071805,-0.025257046945004604,14.80373791923359,0.4677740880315736,0.27622351405846846,0.0084646032414429,0.9973439353235536,-0.011326295491136007,0.9888793320821107,0.4646167589381385,0.1968150122041534,0.1654470621146111,0.8150148830559877,0.0012936819485409013,0.6495678209413766,0.44966246645733104,0.2679961144650467,0.0043911423340041,0.9826981086159317,5.312813186149779e-05,0.9783069662819276,64.45114656899246,23.202947132752307,20.73508456279269,98.74522444902324,-0.12150247360298695,78.01013988623055,0.7980461539663236,64451146568.992455,0.03972709437507161,1,3,Idle,2024-12-25 11:55:00
96.617008692168,16.558047834837556,65.95008620991015,119.98219143203524,-0.3083882048399892,54.03210522212508,2348.005473852374,790.0461407787546,1170.664590760818,3887.179793659995,-1.5078536639011495,2716.515202899177,22.606113994483177,4.368336404936129,15.098015955838214,29.901753875071805,0.10804362434902454,14.80373791923359,0.4743212623692098,0.262437910934004,0.0084646032414429,0.9973439353235536,-0.0034619438690150005,0.9888793320821107,0.5025802363750943,0.23280727264409687,0.1654470621146111,0.936097925460657,0.011147732692097859,0.7706508633460458,0.4354045862664902,0.27238753313517483,0.0043911423340041,0.9826981086159317,0.011166251208788246,0.9783069662819276,63.85881001228858,24.728382623415065,20.73508456279269,98.74522444902324,0.012296756728958797,78.01013988623055,0.8167892676034988,63858810012.288574,0.041148544911033966,1,3,Idle,2024-12-25 12:40:00
95.6073739584573,17.401011295769287,63.52869573904242,119.94280666840136,0.4036063127974429,56.41411092935894,2322.016518848477,711.97234307312,1170.664590760818,3887.179793659995,16.949354339338186,2716.515202899177,22.147205390542545,4.732180218896623,15.098015955838214,29.901753875071805,0.014289933751590045,14.80373791923359,0.43950068218025634,0.26003554488066716,0.0084646032414429,0.9973439353235536,-0.0018348725330896137,0.9888793320821107,0.48563775962204175,0.2505625555917977,0.0508132698544828,0.936097925460657,0.0009385542959869134,0.8852846556061742,0.45537353310606726,0.2733272432787638,0.0642635317689747,0.9826981086159317,0.008771551341139779,0.918434576846957,59.42789891250989,24.067573763135755,20.73508456279269,97.76176530255732,0.3546301140022479,77.02668073976463,0.7977279848802656,59427898912.50989,0.04117428673843821,1,3,Idle,2024-12-25 13:15:00
95.56259041285803,18.372397507667245,60.01311842316117,119.94280666840136,0.006631348051344686,59.92968824524019,2463.211988606907,855.9631864907226,1170.664590760818,3950.833557391042,14.334480369163371,2780.168966630224,22.810534196438784,4.445684737540325,15.288117291947366,29.901753875071805,-0.19178674038621407,14.613636583124439,0.45240607776602426,0.2688042422592261,0.0084646032414429,0.9883238718740048,0.004270427773459753,0.9798592686325619,0.4931138246708825,0.2581860313554427,0.0508132698544828,0.936097925460657,-0.0008346570961595977,0.8852846556061742,0.4968930511731586,0.2610117235110141,0.0974086520240734,0.9826981086159317,-0.003496333849724334,0.8852894565918583,61.25440977914814,22.7932808925251,20.73508456279269,97.76176530255732,0.12760411801720456,77.02668073976463,0.8335077729603696,61254409779.14814,0.03879592615449406,1,3,Idle,2024-12-25 14:30:00
93.7289764848776,18.936699213672902,60.01311842316117,119.94280666840136,-0.7682303935224103,59.92968824524019,2497.1533413338057,862.5096344161353,1170.664590760818,3950.833557391042,16.768183835145194,2780.168966630224,22.601188865613405,4.590572894397266,15.288117291947366,29.901753875071805,-0.09974530196285297,14.613636583124439,0.47225506035695997,0.2947279564030629,0.0084646032414429,0.9883238718740048,0.0028875722714257436,0.9798592686325619,0.49557622920294314,0.2795996502929357,0.0508132698544828,0.9637100253092794,0.0049235059538736544,0.9128967554547966,0.5104546421254409,0.27642785087069793,0.0974086520240734,0.9826981086159317,0.00026492843527246466,0.8852894565918583,60.02632676431677,24.072963501168964,20.73508456279269,97.76176530255732,-0.6080999562583551,77.02668073976463,0.8539230542918816,60026326764.316765,0.037534329563764034,1,3,Idle,2024-12-25 15:45:00
94.1420699741693,19.022745802050903,60.01311842316117,119.94280666840136,-0.35443445343294866,59.92968824524019,2706.5580446789872,901.5775994108376,1170.664590760818,3995.148520923967,23.601318321294467,2824.483930163149,21.438720405713603,4.494532239411945,15.288117291947366,29.901753875071805,-0.11580941029716002,14.613636583124439,0.49443935152396706,0.31264698118626444,0.0084646032414429,0.9883238718740048,0.00968280762120202,0.9798592686325619,0.5331899895324619,0.2857184769193983,0.0508132698544828,0.9637100253092794,-0.0027749721604354905,0.9128967554547966,0.5043568756217113,0.28024949903776575,0.095926234447929,0.98201927181522,0.0031126039094951795,0.886093037367291,62.050924673341925,23.820982151706765,21.50534789859677,97.76176530255732,-0.6090666704529759,76.25641740396055,0.8849506739135025,62050924673.34192,0.03478294883024948,1,3,Idle,2024-12-25 16:55:00
92.64855612782226,20.489985640837205,60.01311842316117,119.94280666840136,-0.323492931921819,59.92968824524019,2786.2373307884704,929.4262642988748,1170.317007793877,3995.148520923967,25.158689662373686,2824.83151313009,21.63197816675783,4.291737338197346,15.288117291947366,28.48256293527184,-0.01790198250395522,13.194445643324475,0.5070398203011667,0.30459063778500267,0.0177204395763853,0.9883238718740048,-0.005311631933701984,0.9706034322976196,0.5202513518335727,0.2891761739386205,0.0508132698544828,0.9637100253092794,0.0010171009918703263,0.9128967554547966,0.49721882650858235,0.30273871366225347,0.0437850106810833,0.98201927181522,-0.001528501280491297,0.9382342611341367,60.081903341697306,22.1655032654672,21.50534789859677,96.88940762757484,0.048581005668797785,75.38405972897807,0.8803280126692953,60081903341.6973,0.03325221261808443,1,3,Idle,2024-12-25 18:15:00
92.78700794190391,20.520346246913032,60.01311842316117,119.94280666840136,-0.2125174940367348,59.92968824524019,2754.8005903319668,888.5454037910167,1170.317007793877,3995.148520923967,-0.05806710145734987,2824.83151313009,21.653236498480723,4.043027127670553,15.288117291947366,28.48256293527184,0.12360595705726427,13.194445643324475,0.4668146355686107,0.2938206528161681,0.0177204395763853,0.9883238718740048,-0.003898207394433464,0.9706034322976196,0.5055959363797972,0.27217415366445713,0.0508132698544828,0.9637100253092794,0.01273707946506168,0.9128967554547966,0.5050590932000175,0.3061912498920984,0.0334162329813793,0.96148027804494,0.0029591847741080087,0.9280640450635607,56.33779382773779,21.717637544935563,20.165186773462796,96.88940762757484,-0.15606040902664595,76.72422085411205,0.8535970023897944,56337793827.737785,0.03368193264788092,1,3,Idle,2024-12-25 18:55:00
91.27129432068186,18.3762772419787,60.01311842316117,119.91008774965688,0.2962923592539935,59.896969326495714,2766.3474803548647,897.5611402739975,1170.317007793877,3995.148520923967,-13.245636155740836,2824.83151313009,21.97712762221323,3.9551808894189056,15.79716590571419,28.48256293527184,0.03217352539599752,12.68539702955765,0.4952897044511583,0.28516448815762835,0.0177204395763853,0.9883238718740048,-0.006142090270770608,0.9706034322976196,0.5399728053905155,0.2614611416861858,0.0214902438711426,0.9637100253092794,0.004253713961138991,0.9422197814381368,0.5132495960283657,0.3000734468622486,0.0334162329813793,0.96148027804494,0.002047789124554702,0.9280640450635607,57.22499964317754,22.55835992145997,20.165186773462796,98.86517654210871,-0.2696246025380061,78.69998976864592,0.8945991670686375,57224999643.177536,0.03299343085741841,1,3,Idle,2024-12-25 20:20:00
92.5902237408969,17.570387005460752,61.08129871954655,119.91008774965688,0.4326961133557605,58.82878903011033,2732.088667129838,809.7186391271762,1170.317007793877,3995.148520923967,-20.422736074613084,2824.83151313009,22.422068692423974,4.184436784372766,15.79716590571419,29.446597680337057,0.07434021526530639,13.649431774622867,0.5127660167365231,0.2861791152769939,0.0177204395763853,0.984537516528083,0.002669060428519708,0.9668170769516977,0.5195291973692592,0.2628527500212767,0.0214902438711426,0.9637100253092794,-0.004731888347101252,0.9422197814381368,0.5272908740152666,0.29881768169631223,0.0334162329813793,0.9763689150493644,-0.001232775414752918,0.9429526820679851,57.82451747477497,24.46710609640525,20.165186773462796,98.86517654210871,0.11245170006518079,78.69998976864592,0.9004861135291153,57824517474.77497,0.033889904399832825,1,3,Idle,2024-12-25 21:15:00
94.19855052020333,16.87032745102952,63.14203030423168,119.91008774965688,-0.36259956516706676,56.7680574454252,2728.6305933567915,839.4876417366113,1170.317007793877,3995.148520923967,-28.29560097311625,2824.83151313009,22.29375854019545,3.7941126964616263,16.822271149773304,29.446597680337057,0.12224469730090155,12.624326530563753,0.5097573373926366,0.28914767744764547,0.0177204395763853,0.984537516528083,0.0021568247425331915,0.9668170769516977,0.45273088081108753,0.2626015497775417,0.0214902438711426,0.9417171301286515,-0.01199742118070944,0.9202268862575089,0.5199971760419165,0.3108946557087013,0.0047555740974678,0.9763689150493644,0.00218896592230669,0.9716133409518966,61.884431610381014,23.9888523015399,20.165186773462796,98.86517654210871,0.03218463541978615,78.69998976864592,0.8574467077067713,61884431610.38101,0.03452228042503886,1,3,Idle,2024-12-25 22:25:00
91.34761536859446,16.555080890567755,63.12417834952284,119.91008774965688,-0.3678437074735408,56.78590940013404,2629.4975904055814,860.9250613912801,1170.317007793877,3961.9699272532007,0.004913231287292679,2791.6529194593236,22.730426556827524,3.7645667642987592,15.67696335992641,29.446597680337057,-0.0679591526677839,13.769634320410647,0.4801823861432235,0.2795232280427096,0.0177204395763853,0.953496621923999,0.0074594766458975425,0.9357761823476137,0.46577831932236563,0.259019565652693,0.0214902438711426,0.973485817870286,-0.007460154967612466,0.9519955739991434,0.5203856544892784,0.2917900273189591,0.0047555740974678,0.9763689150493644,0.0038444380402954054,0.9716133409518966,60.0452162027297,23.354737206184538,20.165186773462796,98.86517654210871,0.14932178676255828,78.69998976864592,0.8475410291609499,60045216202.72969,0.03473956990943838,1,3,Idle,2024-12-25 23:15:00
93.55973361307092,14.938342546886894,63.12417834952284,119.69358840348656,-0.02377815875791123,56.569410053963715,2425.0652254265838,845.4130762614888,1259.8968820198377,3961.9699272532007,-4.848474186616184,2702.073045233363,22.22693350133666,3.9340905785449882,15.67696335992641,29.446597680337057,-0.08642925737402367,13.769634320410647,0.5100152461707399,0.2858321552513027,0.0701102517716465,0.953496621923999,0.0008663618538522109,0.8833863701523524,0.45210805202115284,0.26983368129083085,0.0214902438711426,0.973485817870286,-0.0054370063322685905,0.9519955739991434,0.5341205009245632,0.2762684246201926,0.0047555740974678,0.9763689150493644,-0.0022315571192177957,0.9716133409518966,58.75475390900004,23.58745193321318,20.165186773462796,98.86517654210871,0.2739997785916813,78.69998976864592,0.8659110529014329,58754753909.00003,0.03858029575126714,1,3,Idle,2024-12-26 00:10:00
91.95907529148049,15.804366070985544,60.978267586309975,119.69358840348656,-0.21768516715819516,58.71532081717658,2467.095261257656,875.713678951974,1162.1710252527812,3961.9699272532007,-11.268802508592263,2799.7989020004197,22.484077543036793,4.061998169163807,15.67696335992641,29.446597680337057,0.04737945818438202,13.769634320410647,0.5262509601542862,0.29750353203467955,0.0701102517716465,0.953496621923999,-0.004962923075308786,0.8833863701523524,0.45215556056375955,0.2930475786212288,0.0214902438711426,0.9828414520697956,0.00714817089944494,0.9613512081986529,0.5612538564196,0.26912270730071886,0.0047555740974678,0.9949289028202358,0.007368480067264725,0.990173328722768,61.87056523474886,24.26438414817954,20.93121651818194,98.86517654210871,-0.17868425515166814,77.93396002392677,0.8924072026591385,61870565234.748856,0.03727422963173393,1,3,Idle,2024-12-26 00:50:00
90.61155395641781,16.432307893023953,60.978267586309975,119.69358840348656,-0.30848308802537794,58.71532081717658,2517.906330888049,883.5607366675047,1162.1710252527812,3961.9699272532007,2.8072202441452836,2799.7989020004197,22.515628506025305,4.221384741169851,15.67696335992641,29.567987388862115,-0.016165728183276377,13.891024028935705,0.5452747443192062,0.2923053819022079,0.0851769430020096,0.953496621923999,-0.000840261943817974,0.8683196789219894,0.47390528784122643,0.30794455891123,0.076974271587498,0.9828414520697956,0.013510329831405264,0.9058671804822975,0.5718328757993859,0.284891744470072,0.0047555740974678,0.9949289028202358,0.005188725914770719,0.990173328722768,63.468177490610415,22.14151318946956,20.93121651818194,97.61707761895644,-0.13043156654848204,76.6858611007745,0.9213596509947933,63468177490.61041,0.03598686450121427,1,3,Idle,2024-12-26 02:05:00
87.37975272956659,15.376178447724982,60.978267586309975,117.65900037571748,-0.37277458705329586,56.68073278940751,2595.559355258733,921.3039754668627,1162.1710252527812,3961.9699272532007,20.573977762127257,2799.7989020004197,22.053307506326014,4.228421341737018,15.527203579669802,29.567987388862115,0.0327644102429194,14.040783809192313,0.49760768886792095,0.2939549525706851,0.0851769430020096,0.9523234794855766,-0.001351187875220313,0.867146536483567,0.4871824902503815,0.30715658998594003,0.076974271587498,0.9828414520697956,0.007257177275345713,0.9058671804822975,0.5544015080958858,0.2960581608099223,0.0047555740974678,0.9949289028202358,-0.003492275061073594,0.990173328722768,62.965049035720696,20.83038344171277,23.957228976651173,97.61707761895644,-0.0018253076511476653,73.65984864230526,0.8901242739112496,62965049035.720695,0.03366509517593225,1,3,Idle,2024-12-26 03:05:00
85.6376481243895,15.475840227513524,60.978267586309975,117.65900037571748,-0.6999701080248236,56.68073278940751,2584.7325028279256,892.7813279918446,1162.1710252527812,3961.9699272532007,16.70846869342401,2799.7989020004197,22.061146209865576,4.0985586887767695,15.527203579669802,29.567987388862115,0.059916937217970125,14.040783809192313,0.49671662764984964,0.28077903455192277,0.0521697349756343,0.881419384638268,-0.0011110845540271506,0.8292496496626337,0.523391290298149,0.28482038759710704,0.0895908358394788,0.9828414520697956,-0.006919385538525229,0.8932506162303168,0.5416022344308018,0.2929556278957122,0.0568607954985879,0.9949289028202358,-0.005162844492836057,0.9380681073216479,60.9344555209708,19.948747080681084,23.957228976651173,92.3589214053794,0.21008557586386445,68.40169242872824,0.9022188378016931,60934455520.970795,0.033132112522550924,1,3,Idle,2024-12-26 04:10:00
85.58469903688658,16.0523906675091,60.978267586309975,118.1014203666897,-0.7352563261187712,57.12315278037972,2469.2345753129166,830.6695154316476,1162.1710252527812,3897.425942388489,4.744434704584593,2735.2549171357077,22.341024435836363,4.116164535861085,15.071995250536268,29.567987388862115,0.03178831145010974,14.495992138325846,0.5102069415913282,0.2675364677537309,0.0521697349756343,0.881419384638268,-0.0010875409420735675,0.8292496496626337,0.5356972070032722,0.28045061490349393,0.0895908358394788,0.9828414520697956,-0.00039012048964363937,0.8932506162303168,0.5209498360889341,0.3115682837488784,0.0568607954985879,0.9949289028202358,-0.00904168601330677,0.9380681073216479,60.37690816428232,19.37024086704413,22.322953038904487,92.3589214053794,-0.12571562364245234,70.03596836647492,0.9048045935781774,60376908164.28232,0.03466041658923424,1,3,Idle,2024-12-26 05:00:00
82.1808398883666,15.575636608846429,60.978267586309975,118.1014203666897,-0.10757777067381828,57.12315278037972,2616.7786285097704,785.092121086164,1162.1710252527812,3903.624768955536,-13.458711271901107,2741.4537437027548,22.706329325017926,4.083362697163686,15.071995250536268,29.567987388862115,-0.014815007632373724,14.495992138325846,0.5099467337329844,0.27311603221440567,0.0521697349756343,0.9505725454839246,-0.0009633128159436027,0.8984028105082903,0.527569698359396,0.2784792056581738,0.0895908358394788,0.9828414520697956,-0.0060077754925816325,0.8932506162303168,0.494387776112865,0.32831908350924555,0.0148276395031179,0.9949289028202358,-0.01619799546770153,0.9801012633171179,56.68866148737798,20.517763986363,22.322953038904487,89.73187072025223,-0.9652130736929695,67.40891768134775,0.8847568767982467,56688661487.377975,0.031405346632308664,1,3,Idle,2024-12-26 05:55:00
81.60872914445673,14.780063854535998,61.62031340295051,118.1014203666897,-0.0017570990859598085,56.48110696373919,2634.721356914424,743.8594220205384,1257.4230740294363,3903.624768955536,-14.225306288631106,2646.2016949260997,22.330814564602086,3.9229246068877366,15.071995250536268,29.567987388862115,0.08591434885697177,14.495992138325846,0.5165919860334909,0.28269203335126203,0.0521697349756343,0.9879355970959522,-0.0027522699302232204,0.935765862120318,0.4802041102072235,0.2565780078780301,0.0907659054238515,0.9336460502854868,-0.00506247562770279,0.8428801448616352,0.4414033027576777,0.3338388547332991,0.0148276395031179,0.9921823815627252,-0.00812455410101125,0.9773547420596073,57.25050433786025,20.3607141804851,22.322953038904487,93.72964608306756,-0.5646629767957918,71.40669304416308,0.8320457578639072,57250504337.860245,0.03097433014321878,1,3,Idle,2024-12-26 07:15:00
82.13108912983256,14.72659016355339,61.62031340295051,118.1014203666897,0.40646233042989555,56.48110696373919,2646.328101694574,788.8721378145567,1257.4230740294363,3903.624768955536,4.82851525352272,2646.2016949260997,22.181831770533943,4.010956035234217,15.071995250536268,29.387697937181628,0.02217087549893194,14.31570268664536,0.5030947554105595,0.3011072726315975,0.0521697349756343,0.9927012467742636,0.004920890188726066,0.9405315117986294,0.48575509089392094,0.2389694876780952,0.0907659054238515,0.9457899658674632,0.005212360702057657,0.8550240604436117,0.4462218876160558,0.3253764017942033,0.0148276395031179,0.9921823815627252,0.003017680838863065,0.9773547420596073,55.849757455358066,19.875942933475653,22.322953038904487,93.72964608306756,-0.1305206844334093,71.40669304416308,0.8295639301697054,55849757455.35806,0.031035867803859994,1,3,Idle,2024-12-26 10:00:00
82.329380583333,15.410694884204533,60.41023314174351,118.1014203666897,0.12187107113329088,57.691187224946184,2516.7942817661005,769.6897503956233,1379.3314354521583,3903.624768955536,10.033338959130228,2524.2933335033777,22.146583764986016,3.888359847012954,15.071995250536268,28.607857050750752,-0.03707740502587252,13.535861800214484,0.5052964078396207,0.29566597051780774,0.0521697349756343,0.9927012467742636,-0.0012157986887740293,0.9405315117986294,0.5125966228091684,0.2538131744748854,0.1632613137759171,0.9457899658674632,0.005411029499181852,0.7825286520915461,0.46496245822625737,0.3125641292035801,0.0148276395031179,0.9921823815627252,0.004261585135881869,0.9773547420596073,56.18543544769295,19.886127608666754,22.322953038904487,93.72964608306756,0.3184563946256252,71.40669304416308,0.8568954691505805,56185435447.69295,0.03271200239916324,1,3,Idle,2024-12-26 11:15:00
83.31202180831473,16.544721517259294,60.41023314174351,118.1014203666897,-0.08687182970101702,57.691187224946184,2422.4667725545023,759.5297217467306,1379.3314354521583,3903.624768955536,-4.233934660834285,2524.2933335033777,22.260189059974312,4.085366047864778,15.071995250536268,28.607857050750752,0.016388919152872206,13.535861800214484,0.5089243020482221,0.31706294422220427,0.0400502588510517,0.9927012467742636,-0.0029804300509252775,0.9526509879232119,0.5480273857983373,0.2774140516443205,0.0445551495139024,0.9715223602831742,0.003964234971896805,0.9269672107692718,0.4536233654038372,0.303679974439767,0.0148276395031179,0.9921823815627252,0.003275366547652419,0.9773547420596073,57.48423416167811,20.401786296950203,22.322953038904487,93.72964608306756,0.7434565014279659,71.40669304416308,0.874706875724967,57484234161.67811,0.03439139919366647,1,3,Idle,2024-12-26 12:25:00
85.36483166563372,16.857836206813403,60.41023314174351,118.14670405838048,0.3035476680405847,57.73647091663697,2443.0238014834476,832.837195579919,1176.1542116619771,3903.624768955536,-27.218405528869468,2727.470557293559,21.72764551351291,3.9863675512357943,15.17629442291543,28.364298249641045,-0.05993735141493796,13.188003826725616,0.46316071193439373,0.3268952200719476,0.0400502588510517,0.9927012467742636,-0.007299387149226868,0.9526509879232119,0.5174027356787974,0.2962521588365205,0.0445551495139024,0.9715223602831742,0.006120871409617859,0.9269672107692718,0.4707100110644886,0.288129823645912,0.0148276395031179,0.9921823815627252,0.00383175965458764,0.9773547420596073,59.62862020422738,20.350821707284446,24.29883233495741,93.72964608306756,0.884576169204605,69.43081374811015,0.8389227321296098,59628620204.22738,0.03494228407181243,1,3,Idle,2024-12-26 13:15:00
85.15503274815738,16.764384832254528,60.41023314174351,119.6033589713686,0.10368266673323365,59.193125829625096,2418.9487161939296,851.8904931581001,1176.1542116619771,3893.200800384991,-13.525279634049799,2717.046588723014,22.691617890509345,4.492303741728494,15.17629442291543,29.52754387054221,0.16264004737956064,14.351249447626781,0.4602426101145715,0.32851357318532887,0.0400502588510517,0.9927012467742636,-0.008064137766649248,0.9526509879232119,0.5609393176056193,0.29200838880928437,0.0445551495139024,0.9715223602831742,0.006052028045440762,0.9269672107692718,0.47213852751516555,0.2689336130236529,0.0196443952951752,0.9921823815627252,-0.0052354042171547065,0.9725379862675501,64.27608503184581,19.404787889260778,28.238895141989843,93.72964608306756,0.00678684894188796,65.49075094107772,0.8656737072160158,64276085031.8458,0.035203322905556965,1,3,Idle,2024-12-26 14:30:00
88.30322828164753,17.257822592182816,60.41023314174351,119.6033589713686,0.3913625964685274,59.193125829625096,2411.3172263462397,941.370408067387,1041.0224560162258,3893.200800384991,-4.274416445553302,2852.1783443687655,22.577510445676158,4.771786632254686,15.17629442291543,29.52754387054221,0.16227303285829342,14.351249447626781,0.4558157136361052,0.31709149845711415,0.0400502588510517,0.9927012467742636,-0.004422105248705393,0.9526509879232119,0.5719089239317612,0.3041599191008641,0.0177868663650007,0.9715223602831742,-0.005516588733119896,0.9537354939181735,0.4919352892749439,0.24500317283105122,0.0819692647398518,0.9513032011051136,-0.003099691634663986,0.8693339363652618,67.04782293065958,17.231160736400675,33.38122411711508,93.28503810205343,0.5024874727223144,59.90381398493835,0.8813898745188758,67047822930.65958,0.036620328224274926,1,3,Idle,2024-12-26 16:35:00
89.50364577780459,17.78074871500735,60.41023314174351,119.6033589713686,0.6868724031191993,59.193125829625096,2280.0144067965607,906.1299006991801,1041.0224560162258,3893.200800384991,8.805237714326253,2852.1783443687655,23.05960975287212,4.58921928601988,15.3320985423589,29.52754387054221,0.0993289055726672,14.195445328183311,0.4607249594764962,0.30952189211038816,0.0400502588510517,0.999893426170434,0.0039268367059046745,0.9598431673193822,0.537982041102909,0.3132870836787885,0.0177868663650007,0.9715223602831742,-0.006455097957195589,0.9537354939181735,0.45967992216605064,0.2236011393106365,0.0819692647398518,0.9513032011051136,-0.0013453429680671816,0.8693339363652618,63.89676710681614,20.474553649253075,22.59495915964385,93.28503810205343,-0.535154024895957,70.69007894240958,0.844391968031706,63896767106.81614,0.039255736942275715,1,3,Idle,2024-12-26 17:50:00
91.05011903813492,17.804515253557348,62.13796852809814,119.6033589713686,0.29280787340680936,57.465390443270465,2262.4993241089596,874.2747801879692,1041.0224560162258,3868.407806906478,1.4510030361089692,2827.385350890252,22.6792677001714,4.963365934827642,15.11819721881172,29.52754387054221,-0.08168714463134663,14.409346651730491,0.4530545772387448,0.302194987846505,0.0400502588510517,0.999893426170434,-0.0010359857940738632,0.9598431673193822,0.5446138825785513,0.29878521187151996,0.0177868663650007,0.9771489321947944,-0.002113942006074589,0.9593620658297937,0.4436104367188433,0.23166480705497383,0.0378954739593891,0.9513032011051136,-0.001529505867187707,0.9134077271457245,64.71755953101444,20.599914641828704,22.59495915964385,93.28503810205343,-0.33126232046279,70.69007894240958,0.8358546228981117,64717559531.01444,0.0402431585582874,1,3,Idle,2024-12-26 19:20:00
91.51091112890967,17.203374451557256,60.23519945726089,119.6033589713686,-0.20434158843517486,59.36815951410772,2361.3209011367153,908.1705322217523,1041.0224560162258,3868.407806906478,-4.139658880762261,2827.385350890252,22.41947853617216,5.052641219761949,15.11819721881172,29.52754387054221,-0.07972310382420407,14.409346651730491,0.4275488316411973,0.2666682857448569,0.0508032972881198,0.999893426170434,-0.0007710420311183434,0.9490901288823141,0.5474820801706071,0.2760884747853885,0.0177868663650007,0.9771489321947944,0.003135086123929077,0.9593620658297937,0.4791163354814823,0.237629536046562,0.0378954739593891,0.9441337385940424,0.0035134341214486,0.9062382646346533,61.012633749099535,21.62037196549694,22.59495915964385,92.95323494598416,-0.7788044823054368,70.35827578634031,0.8438525312345114,61012633749.09953,0.0387541189699618,1,3,Idle,2024-12-26 20:40:00
92.12555361014093,16.53292152876602,60.23519945726089,119.6033589713686,0.19729499427512215,59.36815951410772,2297.9737983104224,850.1695954710842,1041.0224560162258,3868.407806906478,-25.30441883869317,2827.385350890252,22.780150456000836,5.12852182897836,15.11819721881172,29.76331059310266,-0.22664112114072166,14.64511337429094,0.4491550135756733,0.26333599468990493,0.0864439361070732,0.999893426170434,-0.006923570221798716,0.9134494900633607,0.544997519793713,0.2800690904323858,0.0177868663650007,0.9771489321947944,-0.0020998751479715805,0.9593620658297937,0.5099817239521659,0.27002026976355353,0.0378954739593891,0.9614787730388356,0.011582551791324586,0.9235832990794465,61.480776054256765,23.387096307435748,22.59495915964385,94.174330439308,-0.3056964521283595,71.57937127966414,0.8711164569486017,61480776054.25676,0.04008990601976225,1,3,Idle,2024-12-26 22:00:00
93.67252355741633,14.041334986456322,60.23519945726089,118.2330170364878,-0.19985960316553303,57.997817579226904,2128.422817583683,805.5075757717716,1041.0224560162258,3868.407806906478,-36.93521008741248,2827.385350890252,21.643290907106593,4.8773638008633275,15.11819721881172,29.76331059310266,-0.025215908859890973,14.64511337429094,0.4449447575229085,0.25173926367661204,0.0162465468392551,0.999893426170434,-0.0043470697951877085,0.9836468793311789,0.5005066011477907,0.28629582980983054,0.0177868663650007,0.9771489321947944,-0.0012665986618444832,0.9593620658297937,0.5432519981244706,0.27745829456732546,0.0378954739593891,0.9614787730388356,0.005071775462564969,0.9235832990794465,62.853774554428945,25.071381479022246,22.59495915964385,99.36282171094554,-0.0008704905706858733,76.76786255130169,0.8623255930945476,62853774554.42894,0.044010298510029675,1,3,Idle,2024-12-26 23:15:00
90.83726593225474,15.233206956160823,60.23519945726089,118.2330170364878,-0.20340652436023865,57.997817579226904,2066.355516652949,762.5367101617614,1017.2023217090534,3969.759724513402,-17.80732015774531,2952.5574028043484,21.380871302822715,4.753718513900849,15.11819721881172,29.76331059310266,-0.031605639356304206,14.64511337429094,0.4771455091671575,0.26592507109530705,0.0162465468392551,0.999893426170434,0.0027819145035315293,0.9836468793311789,0.49704068540298746,0.2690494293681046,0.0327143227160123,0.9771489321947944,-0.005800437318955387,0.9444346094787821,0.5319843340904655,0.27668273967723717,0.0378954739593891,0.9614787730388356,0.004782777181321485,0.9235832990794465,59.910677623708644,25.10599512211335,22.59495915964385,99.36282171094554,0.8448598519288218,76.76786255130169,0.8704737856948557,59910677623.70864,0.043960134255789415,1,3,Idle,2024-12-27 00:25:00
89.43831350429035,16.416727797010438,60.23519945726089,115.3723153882076,-0.07632840046615225,55.137115930946706,2169.9466278775476,873.206664913085,1017.2023217090534,3969.759724513402,7.189866301210034,2952.5574028043484,22.131861552819803,5.104491063217091,15.11819721881172,29.76331059310266,0.2562995996929639,14.64511337429094,0.4876991321397437,0.27370575372318157,0.0162465468392551,0.9824284340028092,0.013929894979881265,0.9661818871635541,0.5083712541792056,0.27295076267132756,0.0396615129729536,0.9771489321947944,-0.0058538019314987545,0.9374874192218408,0.5665098826310332,0.3021784121900658,0.0378954739593891,0.9646743127925336,0.002409380552269923,0.9267788388331445,63.02938260393331,25.065299182302546,23.41811562615657,99.59348458199106,-0.002996075361186477,76.1753689558345,0.9040051010277678,63029382603.933304,0.0412168264211047,1,3,Idle,2024-12-27 01:15:00
89.29656772709943,15.497718352168127,60.23519945726089,114.53656295708048,-0.17873145345254549,54.30136349981959,2227.764190322043,918.8084696137457,1017.2023217090534,3969.759724513402,15.048421883861378,2952.5574028043484,23.07349521645573,4.811243917423391,15.211601679455049,29.76331059310266,0.19326788108868237,14.55170891364761,0.50428604981133,0.2791726413831859,0.0162465468392551,0.9824284340028092,0.00880604128181103,0.9661818871635541,0.4869423908889589,0.2757617322723207,0.0396615129729536,0.9971114742181716,-0.0008970416340787343,0.957449961245218,0.5707861444358837,0.30093321474972823,0.093253248018814,0.9646743127925336,-0.00704312240543769,0.8714210647737196,59.57423797468979,25.897132362510636,23.41811562615657,99.59348458199106,-0.1479461828211756,76.1753689558345,0.9039989683395399,59574237974.68978,0.04008349183231589,1,3,Idle,2024-12-27 02:45:00
91.21409855192715,15.176062116400066,61.32552753084628,114.53656295708048,-0.16575542875341345,53.2110354262342,2216.39745462004,960.4437825686135,1017.2023217090534,3969.759724513402,36.21461864339538,2952.5574028043484,23.25617108226156,4.717404019617326,16.135546457691902,29.76331059310266,0.14464664418463216,13.627764135410757,0.5215236643544469,0.30481497374346156,0.0162465468392551,0.9891124786377592,0.0019237963348048988,0.9728659317985041,0.4578921252955525,0.27334736070484883,0.0395760915950554,0.9971114742181716,0.003341870604324383,0.9575353826231162,0.5600840646595272,0.29334109699193245,0.093253248018814,0.9646743127925336,-0.005362631952780795,0.8714210647737196,61.26477215049449,25.670273866161615,26.37935979249412,99.59348458199106,-0.8339431521820417,73.21412478949694,0.8918218938638506,61264772150.494484,0.041154215531962926,1,3,Idle,2024-12-27 04:00:00
89.50641108681508,16.59633625057686,61.32552753084628,115.78121029309348,0.19039818776619383,54.4556827622472,2301.757142119519,965.8439180105859,1017.2023217090534,3969.759724513402,20.120030562768196,2952.5574028043484,23.392443460878194,4.691842214438231,15.939183364764254,29.596546356429407,0.03985838425842597,13.657362991665153,0.5580469701130004,0.3018786636741971,0.0162465468392551,0.9891124786377592,0.0013705888168311924,0.9728659317985041,0.46477641215673277,0.27245150993385703,0.0395760915950554,0.9971114742181716,0.0038386857377400154,0.9575353826231162,0.5198810657380071,0.26737590528784855,0.093253248018814,0.9646743127925336,-0.0026830509441982836,0.8714210647737196,59.648411740863295,24.296105844541277,25.43791514954931,99.59348458199106,-0.5451986300875251,74.15556943244175,0.8931460444196521,59648411740.86329,0.038886122888010334,1,3,Idle,2024-12-27 05:10:00
89.97857982849784,17.005121004173635,61.32552753084628,115.78121029309348,0.399027193677781,54.4556827622472,2413.0079165249886,1000.8915559763952,1017.2023217090534,3969.759724513402,-11.260746663318358,2952.5574028043484,23.594947555277166,4.523567030841876,15.939183364764254,29.596546356429407,-0.051133066407969115,13.657362991665153,0.5329571876285478,0.31591246337115686,0.0251071261607621,0.9891124786377592,-0.011832115205055995,0.9640053524769971,0.5080660593388041,0.27862921714197203,0.0395760915950554,0.9971114742181716,0.006326718736734451,0.9575353826231162,0.4975252930823606,0.2542666032860001,0.093253248018814,0.9646743127925336,-0.005371188009236665,0.8714210647737196,59.40442670124036,22.934370020470123,25.43791514954931,99.59348458199106,0.23717862983390986,74.15556943244175,0.8886539831417407,59404426701.24036,0.03728897000805428,1,3,Idle,2024-12-27 06:35:00
92.0045537588254,16.635665605377714,61.32552753084628,115.78121029309348,0.29743463589718594,54.4556827622472,2414.70647302586,981.5188415142884,1175.4996578114558,3979.009978675553,-22.460821837253224,2803.5103208640976,23.83227153667565,4.316016831887643,15.939183364764254,29.596546356429407,-0.2152352178848629,13.657362991665153,0.48990636272842353,0.31692520390637213,0.0251071261607621,0.9891124786377592,-0.007971134204071063,0.9640053524769971,0.5198888681988058,0.29368490864863606,0.0395760915950554,0.9971114742181716,0.0012095669846750175,0.9575353826231162,0.512520812174941,0.2667543668562942,0.093253248018814,0.9830391056922316,-0.0041426294075929265,0.8897858576734177,61.46332881199748,22.667679316505925,25.43791514954931,99.59348458199106,0.8807983082875936,74.15556943244175,0.8791872738110409,61463328811.997475,0.03810175472115864,1,3,Idle,2024-12-27 08:10:00
91.76803823849346,14.935705219813851,62.40599038607552,115.78121029309348,0.03401404152236864,53.37521990701796,2279.6707819220705,924.1070465228055,1004.2370585779998,3979.009978675553,-22.93756363588925,2974.772920097553,22.894253276004193,4.3500514974448885,15.939183364764254,29.5567088904796,-0.07621334047514736,13.617525525715347,0.45699084022857295,0.2938176197545333,0.0251071261607621,0.9891124786377592,-0.001193725860289538,0.9640053524769971,0.5374700367432437,0.2848307317659028,0.0395760915950554,0.9971114742181716,0.0034320082329467004,0.9575353826231162,0.4542139683613532,0.26520110987094697,0.0703254523987735,0.9830391056922316,-0.006118328829709877,0.9127136532934581,65.09246755227318,22.06503872655699,25.43791514954931,99.7512288193708,1.4324653095993354,74.31331366982148,0.8390619747695454,65092467552.27317,0.04025495214757308,1,3,Idle,2024-12-27 09:35:00
91.71666556398357,15.05040316920305,62.40599038607552,115.78121029309348,-0.2534703692425142,53.37521990701796,2291.8111325487794,939.5562023000621,1004.2370585779998,3979.009978675553,-6.4459867210550925,2974.772920097553,22.857652570540235,4.189592382102641,15.939183364764254,29.5567088904796,0.028078866517690655,13.617525525715347,0.47380902582381934,0.29956589268525324,0.0251071261607621,0.9891124786377592,0.000732446574824923,0.9640053524769971,0.5665045627291693,0.2897175686865182,0.0395760915950554,0.9936882572197998,0.006009985815052411,0.9541121656247444,0.45838487557339364,0.272371760978534,0.0165926864938887,0.9830391056922316,-0.0053768860179487015,0.966446419198343,65.93629095632235,21.964691703317733,25.43791514954931,99.7512288193708,0.49857718825993497,74.31331366982148,0.8692175255363409,65936290956.32235,0.040019294897997645,1,3,Idle,2024-12-27 10:40:00
91.53634784870513,16.035718138390905,62.40599038607552,116.34988249728298,0.03194382900068968,53.943892111207454,2347.424834746924,921.3042866836826,1004.2370585779998,3979.009978675553,14.645718409574227,2974.772920097553,22.855687097592092,4.396680394978645,15.939183364764254,29.65175857724114,0.025387717787173934,13.712575212476885,0.49092126572461053,0.2979679553686093,0.0251071261607621,0.994011746980344,0.003780833776556345,0.968904620819582,0.5772586580789327,0.2971914516828031,0.0027423078977258,0.9936882572197998,0.00035168633388620686,0.990945949322074,0.43193970841185947,0.2688078168044007,0.0165926864938887,0.9830391056922316,-0.003402936621611454,0.966446419198343,70.07320632260709,21.217073251087914,25.43791514954931,99.7512288193708,0.38914833880394056,74.31331366982148,0.8722403104481391,70073206322.60709,0.038994367995844124,1,3,Idle,2024-12-27 11:15:00
90.81687350070385,14.852475141558143,65.34851913225464,116.34988249728298,-0.2122062992054476,51.00136336502834,2391.291291485034,935.4323664630753,1004.2370585779998,3979.009978675553,19.912143544631064,2974.772920097553,22.90469934589057,4.580448440667961,15.509736598427752,29.65175857724114,0.012829235294367212,14.142021978813387,0.48665011921012735,0.29150278257825224,0.0251071261607621,0.994011746980344,0.011886365997522713,0.968904620819582,0.5584105981450619,0.29826185126066057,0.0027423078977258,0.9936882572197998,-0.008604486374827934,0.990945949322074,0.45161999153952254,0.2907528642775637,0.0165926864938887,0.9928573498954922,0.0014731484843301574,0.9762646634016036,71.52253608272785,20.25738186646559,26.06928110362178,99.7512288193708,-0.04219559144509013,73.68194771574902,0.8675317581541989,71522536082.72784,0.03797817264006552,1,3,Idle,2024-12-27 12:30:00
87.63102965366822,15.389404381056055,64.86725729083072,116.34988249728298,-0.5273495342665143,51.482625206452255,2436.6880442895613,863.5331281918683,1004.2370585779998,3979.009978675553,16.7777382177153,2974.772920097553,22.91621887679095,4.574080635537771,15.509736598427752,29.65175857724114,0.01712922706651329,14.142021978813387,0.5235233901514451,0.28809228167106843,0.0154946638686628,0.994011746980344,0.0061337273034456335,0.9785170831116812,0.49149062383333736,0.30665465861260705,0.0027423078977258,0.9936882572197998,-0.012844406743912814,0.990945949322074,0.45766932433629137,0.29496301631553934,0.0165926864938887,0.9928573498954922,-0.0010399847640086982,0.9762646634016036,71.11001656685053,18.75605198124956,26.06928110362178,99.7512288193708,-0.3021858656959742,73.68194771574902,0.8515286159549676,71110016566.85052,0.03596317134605462,1,3,Idle,2024-12-27 13:25:00
85.18248229639809,14.928095946574702,64.15278747121013,116.34988249728298,-0.4116816208776377,52.197095026072844,2574.9542660176803,807.6978332597732,1004.2370585779998,3933.62085856991,22.847210585509522,2929.38379999191,23.084031348487123,4.846617277565525,15.509736598427752,29.65175857724114,0.009677126226265532,14.142021978813387,0.5274468061100767,0.27736266141356186,0.0154946638686628,0.994011746980344,-0.0006303349334094071,0.9785170831116812,0.5289596657308338,0.30606290621360405,0.0027423078977258,0.9936882572197998,-0.005687755856318319,0.990945949322074,0.40681788566064453,0.280122846839015,0.0165926864938887,0.9928573498954922,0.0002550211748883848,0.9762646634016036,66.20031972626705,20.484711999664288,24.310149733050157,99.7512288193708,-0.7770209922824007,75.44107908632064,0.8505875929845165,66200319726.26705,0.03308116319601197,1,3,Idle,2024-12-27 14:25:00
87.4944235364274,16.25976045498657,64.15278747121013,119.6558894022244,0.13846471822860576,55.50310193101427,2554.774813612152,779.3030347797735,1316.9071850749865,3933.62085856991,-18.506097289081165,2616.7136734949236,22.642602789133083,4.884307689735058,15.509736598427752,29.65175857724114,-0.10585916407065799,14.142021978813387,0.5203908281097785,0.28268604108591,0.0154946638686628,0.994011746980344,-0.005787300346022613,0.9785170831116812,0.5071452313856804,0.3035081718394895,0.0027423078977258,0.9936882572197998,-0.0027195396761323055,0.990945949322074,0.41882285296023025,0.2858140447583975,0.0165926864938887,0.9928573498954922,-0.007568682183482653,0.9762646634016036,60.83934249950839,22.195226441525755,20.94737608623152,94.63177974418916,-0.7235473355849453,73.68440365795763,0.8386986835924826,60839342499.508385,0.034247411188746045,1,3,Idle,2024-12-27 15:15:00
87.48276387037149,16.914156878286878,64.15278747121013,119.6558894022244,0.1396123459265393,55.50310193101427,2523.6665952472104,691.1406392578781,1389.415297554153,3779.524608998524,-21.331306715228436,2390.109311444371,21.941698223968977,4.854270516784203,15.441488380884037,29.65175857724114,-0.10428120612621913,14.210270196357103,0.5131735131131314,0.2884409450225344,0.0154946638686628,0.994011746980344,-0.0037021782220702177,0.9785170831116812,0.521838931126169,0.2995072577254472,0.0027423078977258,0.9559730698811272,0.01008302304639367,0.9532307619834014,0.3949430859869661,0.26613066027742616,0.0185022227990551,0.9928573498954922,-0.008658860681008268,0.9743551270964371,60.163118765051905,21.682216986827846,20.94737608623152,94.63177974418916,-1.3123230349668056,73.68440365795763,0.831650747470766,60163118765.0519,0.03466494505856149,1,3,Idle,2024-12-27 15:45:00
86.1965330867526,15.611381430737335,64.15278747121013,119.6558894022244,0.4666807826948056,55.50310193101427,2458.5542837006487,689.5044421490252,1408.9053314200444,3824.755479391013,-12.064636713361136,2415.8501479709685,21.751549271427454,4.693583366872555,15.441488380884037,29.56014066067439,-0.06561579754613821,14.118652279790352,0.5408253067674296,0.2680299533945567,0.0154946638686628,0.9824995416567815,0.002885062657105857,0.9670048777881187,0.5209133077453597,0.29909158158608884,0.0385368742557089,0.9559730698811272,0.010710973791822613,0.9174361956254182,0.4313451444950058,0.29760880916976945,0.0185022227990551,0.9928573498954922,-0.0013380230260036517,0.9743551270964371,56.48152491446394,21.798927737092292,20.94737608623152,96.68443325636495,-0.621995521800836,75.73705717013343,0.8659684291622378,56481524914.463936,0.03505984539703082,1,3,Idle,2024-12-27 16:45:00
87.69852366638773,15.347898834519153,64.15278747121013,119.6558894022244,0.6288834805163795,55.50310193101427,2356.0904624899445,646.5989960045762,1408.9053314200444,3824.755479391013,-20.10160586876261,2415.8501479709685,21.736054886520233,4.51244509951217,15.441488380884037,29.56014066067439,-0.02400331481795513,14.118652279790352,0.5044311553400395,0.30175501118230313,0.0154946638686628,0.9824995416567815,0.0015027454291754701,0.9670048777881187,0.5326859224867785,0.29235120384432006,0.0385368742557089,0.9976110297656215,0.0034689522794278155,0.9590741555099127,0.4050520257988277,0.2842629732927791,0.0185022227990551,0.9621632581620362,0.004675672841134945,0.9436610353629811,53.99540338662787,22.349720665506815,20.94737608623152,96.68443325636495,-0.23373336652674132,75.73705717013343,0.838016841177438,53995403386.62787,0.03722205282971473,1,3,Idle,2024-12-27 17:30:00
90.07977018002379,15.807689543010083,64.15278747121013,119.6558894022244,0.15968547577753794,55.50310193101427,2505.9095125166396,788.4016135001174,1408.9053314200444,3938.474804782921,9.617588959739727,2529.569473362877,21.49456595415677,4.448367441439228,15.441488380884037,28.84355830013205,0.028207970912011406,13.402069919248012,0.5124441058891915,0.29390751264210996,0.0376569007235169,0.9824995416567815,0.0033863427785937937,0.9448426409332646,0.5743716671093282,0.28019190633342467,0.2178559220070867,0.9976110297656215,-0.007406101698644572,0.7797551077585348,0.4310740134844981,0.29084079594900536,0.0185022227990551,0.9621632581620362,0.01121509830714653,0.9436610353629811,51.15152298601683,22.63055306707378,20.94737608623152,96.68443325636495,0.13454000306180547,75.73705717013343,0.8822281897219988,51151522986.01682,0.03594693652348137,1,3,Idle,2024-12-27 18:50:00
90.91462364302465,15.33911759452907,60.51777139560182,119.6558894022244,-0.33999585002221705,59.138118006622584,2479.8656148454934,878.8024334441227,1123.6620435223315,3964.4227668551207,39.60387022467313,2840.760723332789,21.39757745302678,4.535195289673952,15.441488380884037,29.41549911083211,0.10240790472172417,13.974010729948072,0.5113997429465863,0.29768561664037607,0.0376569007235169,0.9824995416567815,-0.00024739638904614403,0.9448426409332646,0.5847165724721343,0.2709424472315646,0.2178559220070867,0.9976110297656215,0.0027033117079996614,0.7797551077585348,0.44973707201656504,0.27622370571369614,0.0185022227990551,0.9621632581620362,0.0036158587285324614,0.9436610353629811,52.02045488548565,22.905255847308908,20.94737608623152,96.68443325636495,-0.02987072361586461,75.73705717013343,0.8976004685579371,52020454885.48564,0.03666110901283215,1,3,Idle,2024-12-27 20:05:00
89.1768803727899,16.50242378158898,60.51777139560182,119.06677503317728,0.07877297875818107,58.54900363757546,2488.1604192852533,909.9370450227274,1122.0487153563547,3964.4227668551207,-1.1620111982628039,2842.3740514987658,21.493724741449387,4.26079947740396,15.441488380884037,29.41549911083211,0.012572292455708694,13.974010729948072,0.5221432516491828,0.3095703834932022,0.0376569007235169,0.9829598496737604,-0.00340936172209462,0.9453029489502435,0.5470018846251535,0.30056902166893035,0.0071019496158949,0.9976110297656215,-0.008922057160208111,0.9905090801497266,0.4944017629758207,0.2649165310613824,0.0262524319798154,0.9621632581620362,0.004950628765463028,0.9359108261822208,56.93035631300698,22.82962146531638,21.52858519483012,96.68443325636495,0.5420078389883939,75.15584806153484,0.9034809019895502,56930356313.00698,0.03584048668309207,1,3,Idle,2024-12-27 21:05:00
